[2025-07-22 15:34:39] local.ERROR: The C:\Users\pasic\Documents\Pathfinder_Coding\Pathfinder-Development\backend\bootstrap\cache directory must be present and writable. {"exception":"[object] (Exception(code: 0): The C:\\Users\\pasic\\Documents\\Pathfinder_Coding\\Pathfinder-Development\\backend\\bootstrap\\cache directory must be present and writable. at C:\\Users\\pasic\\Documents\\Pathfinder_Coding\\Pathfinder-Development\\backend\\vendor\\laravel\\framework\\src\\Illuminate\\Foundation\\PackageManifest.php:178)
[stacktrace]
#0 C:\\Users\\pasic\\Documents\\Pathfinder_Coding\\Pathfinder-Development\\backend\\vendor\\laravel\\framework\\src\\Illuminate\\Foundation\\PackageManifest.php(131): Illuminate\\Foundation\\PackageManifest->write()
#1 C:\\Users\\pasic\\Documents\\Pathfinder_Coding\\Pathfinder-Development\\backend\\vendor\\laravel\\framework\\src\\Illuminate\\Foundation\\PackageManifest.php(107): Illuminate\\Foundation\\PackageManifest->build()
#2 C:\\Users\\pasic\\Documents\\Pathfinder_Coding\\Pathfinder-Development\\backend\\vendor\\laravel\\framework\\src\\Illuminate\\Foundation\\PackageManifest.php(90): Illuminate\\Foundation\\PackageManifest->getManifest()
#3 C:\\Users\\pasic\\Documents\\Pathfinder_Coding\\Pathfinder-Development\\backend\\vendor\\laravel\\framework\\src\\Illuminate\\Foundation\\PackageManifest.php(79): Illuminate\\Foundation\\PackageManifest->config()
#4 C:\\Users\\pasic\\Documents\\Pathfinder_Coding\\Pathfinder-Development\\backend\\vendor\\laravel\\framework\\src\\Illuminate\\Foundation\\Bootstrap\\RegisterFacades.php(26): Illuminate\\Foundation\\PackageManifest->aliases()
#5 C:\\Users\\pasic\\Documents\\Pathfinder_Coding\\Pathfinder-Development\\backend\\vendor\\laravel\\framework\\src\\Illuminate\\Foundation\\Application.php(286): Illuminate\\Foundation\\Bootstrap\\RegisterFacades->bootstrap()
#6 C:\\Users\\pasic\\Documents\\Pathfinder_Coding\\Pathfinder-Development\\backend\\vendor\\laravel\\framework\\src\\Illuminate\\Foundation\\Console\\Kernel.php(447): Illuminate\\Foundation\\Application->bootstrapWith()
#7 C:\\Users\\pasic\\Documents\\Pathfinder_Coding\\Pathfinder-Development\\backend\\vendor\\laravel\\framework\\src\\Illuminate\\Foundation\\Console\\Kernel.php(199): Illuminate\\Foundation\\Console\\Kernel->bootstrap()
#8 C:\\Users\\pasic\\Documents\\Pathfinder_Coding\\Pathfinder-Development\\backend\\artisan(35): Illuminate\\Foundation\\Console\\Kernel->handle()
#9 {main}
"} 
[2025-07-22 15:38:13] local.ERROR: The C:\Users\pasic\Documents\Pathfinder_Coding\Pathfinder-Development\backend\bootstrap\cache directory must be present and writable. {"exception":"[object] (Exception(code: 0): The C:\\Users\\pasic\\Documents\\Pathfinder_Coding\\Pathfinder-Development\\backend\\bootstrap\\cache directory must be present and writable. at C:\\Users\\pasic\\Documents\\Pathfinder_Coding\\Pathfinder-Development\\backend\\vendor\\laravel\\framework\\src\\Illuminate\\Foundation\\PackageManifest.php:178)
[stacktrace]
#0 C:\\Users\\pasic\\Documents\\Pathfinder_Coding\\Pathfinder-Development\\backend\\vendor\\laravel\\framework\\src\\Illuminate\\Foundation\\PackageManifest.php(131): Illuminate\\Foundation\\PackageManifest->write()
#1 C:\\Users\\pasic\\Documents\\Pathfinder_Coding\\Pathfinder-Development\\backend\\vendor\\laravel\\framework\\src\\Illuminate\\Foundation\\PackageManifest.php(107): Illuminate\\Foundation\\PackageManifest->build()
#2 C:\\Users\\pasic\\Documents\\Pathfinder_Coding\\Pathfinder-Development\\backend\\vendor\\laravel\\framework\\src\\Illuminate\\Foundation\\PackageManifest.php(90): Illuminate\\Foundation\\PackageManifest->getManifest()
#3 C:\\Users\\pasic\\Documents\\Pathfinder_Coding\\Pathfinder-Development\\backend\\vendor\\laravel\\framework\\src\\Illuminate\\Foundation\\PackageManifest.php(79): Illuminate\\Foundation\\PackageManifest->config()
#4 C:\\Users\\pasic\\Documents\\Pathfinder_Coding\\Pathfinder-Development\\backend\\vendor\\laravel\\framework\\src\\Illuminate\\Foundation\\Bootstrap\\RegisterFacades.php(26): Illuminate\\Foundation\\PackageManifest->aliases()
#5 C:\\Users\\pasic\\Documents\\Pathfinder_Coding\\Pathfinder-Development\\backend\\vendor\\laravel\\framework\\src\\Illuminate\\Foundation\\Application.php(286): Illuminate\\Foundation\\Bootstrap\\RegisterFacades->bootstrap()
#6 C:\\Users\\pasic\\Documents\\Pathfinder_Coding\\Pathfinder-Development\\backend\\vendor\\laravel\\framework\\src\\Illuminate\\Foundation\\Console\\Kernel.php(447): Illuminate\\Foundation\\Application->bootstrapWith()
#7 C:\\Users\\pasic\\Documents\\Pathfinder_Coding\\Pathfinder-Development\\backend\\vendor\\laravel\\framework\\src\\Illuminate\\Foundation\\Console\\Kernel.php(199): Illuminate\\Foundation\\Console\\Kernel->bootstrap()
#8 C:\\Users\\pasic\\Documents\\Pathfinder_Coding\\Pathfinder-Development\\backend\\artisan(35): Illuminate\\Foundation\\Console\\Kernel->handle()
#9 {main}
"} 
[2025-07-22 15:41:16] local.ERROR: Please provide a valid cache path. {"exception":"[object] (InvalidArgumentException(code: 0): Please provide a valid cache path. at C:\\Users\\pasic\\Documents\\Pathfinder_Coding\\Pathfinder-Development\\backend\\vendor\\laravel\\framework\\src\\Illuminate\\View\\Compilers\\Compiler.php:67)
[stacktrace]
#0 C:\\Users\\pasic\\Documents\\Pathfinder_Coding\\Pathfinder-Development\\backend\\vendor\\laravel\\framework\\src\\Illuminate\\View\\ViewServiceProvider.php(97): Illuminate\\View\\Compilers\\Compiler->__construct()
#1 C:\\Users\\pasic\\Documents\\Pathfinder_Coding\\Pathfinder-Development\\backend\\vendor\\laravel\\framework\\src\\Illuminate\\Container\\Container.php(908): Illuminate\\View\\ViewServiceProvider->{closure:Illuminate\\View\\ViewServiceProvider::registerBladeCompiler():96}()
#2 C:\\Users\\pasic\\Documents\\Pathfinder_Coding\\Pathfinder-Development\\backend\\vendor\\laravel\\framework\\src\\Illuminate\\Container\\Container.php(795): Illuminate\\Container\\Container->build()
#3 C:\\Users\\pasic\\Documents\\Pathfinder_Coding\\Pathfinder-Development\\backend\\vendor\\laravel\\framework\\src\\Illuminate\\Foundation\\Application.php(986): Illuminate\\Container\\Container->resolve()
#4 C:\\Users\\pasic\\Documents\\Pathfinder_Coding\\Pathfinder-Development\\backend\\vendor\\laravel\\framework\\src\\Illuminate\\Container\\Container.php(731): Illuminate\\Foundation\\Application->resolve()
#5 C:\\Users\\pasic\\Documents\\Pathfinder_Coding\\Pathfinder-Development\\backend\\vendor\\laravel\\framework\\src\\Illuminate\\Foundation\\Application.php(971): Illuminate\\Container\\Container->make()
#6 C:\\Users\\pasic\\Documents\\Pathfinder_Coding\\Pathfinder-Development\\backend\\vendor\\laravel\\framework\\src\\Illuminate\\View\\ViewServiceProvider.php(168): Illuminate\\Foundation\\Application->make()
#7 [internal function]: Illuminate\\View\\ViewServiceProvider->{closure:Illuminate\\View\\ViewServiceProvider::registerBladeEngine():164}()
#8 C:\\Users\\pasic\\Documents\\Pathfinder_Coding\\Pathfinder-Development\\backend\\vendor\\laravel\\framework\\src\\Illuminate\\View\\Engines\\EngineResolver.php(55): call_user_func()
#9 C:\\Users\\pasic\\Documents\\Pathfinder_Coding\\Pathfinder-Development\\backend\\vendor\\laravel\\framework\\src\\Illuminate\\View\\Factory.php(310): Illuminate\\View\\Engines\\EngineResolver->resolve()
#10 C:\\Users\\pasic\\Documents\\Pathfinder_Coding\\Pathfinder-Development\\backend\\vendor\\laravel\\framework\\src\\Illuminate\\View\\Factory.php(274): Illuminate\\View\\Factory->getEngineFromPath()
#11 C:\\Users\\pasic\\Documents\\Pathfinder_Coding\\Pathfinder-Development\\backend\\vendor\\laravel\\framework\\src\\Illuminate\\View\\Factory.php(146): Illuminate\\View\\Factory->viewInstance()
#12 C:\\Users\\pasic\\Documents\\Pathfinder_Coding\\Pathfinder-Development\\backend\\vendor\\laravel\\framework\\src\\Illuminate\\Foundation\\helpers.php(1020): Illuminate\\View\\Factory->make()
#13 C:\\Users\\pasic\\Documents\\Pathfinder_Coding\\Pathfinder-Development\\backend\\routes\\web.php(17): view()
#14 C:\\Users\\pasic\\Documents\\Pathfinder_Coding\\Pathfinder-Development\\backend\\vendor\\laravel\\framework\\src\\Illuminate\\Routing\\CallableDispatcher.php(40): Illuminate\\Routing\\RouteFileRegistrar->{closure:C:\\Users\\pasic\\Documents\\Pathfinder_Coding\\Pathfinder-Development\\backend\\routes\\web.php:16}()
#15 C:\\Users\\pasic\\Documents\\Pathfinder_Coding\\Pathfinder-Development\\backend\\vendor\\laravel\\framework\\src\\Illuminate\\Routing\\Route.php(237): Illuminate\\Routing\\CallableDispatcher->dispatch()
#16 C:\\Users\\pasic\\Documents\\Pathfinder_Coding\\Pathfinder-Development\\backend\\vendor\\laravel\\framework\\src\\Illuminate\\Routing\\Route.php(208): Illuminate\\Routing\\Route->runCallable()
#17 C:\\Users\\pasic\\Documents\\Pathfinder_Coding\\Pathfinder-Development\\backend\\vendor\\laravel\\framework\\src\\Illuminate\\Routing\\Router.php(806): Illuminate\\Routing\\Route->run()
#18 C:\\Users\\pasic\\Documents\\Pathfinder_Coding\\Pathfinder-Development\\backend\\vendor\\laravel\\framework\\src\\Illuminate\\Pipeline\\Pipeline.php(144): Illuminate\\Routing\\Router->{closure:Illuminate\\Routing\\Router::runRouteWithinStack():805}()
#19 C:\\Users\\pasic\\Documents\\Pathfinder_Coding\\Pathfinder-Development\\backend\\vendor\\laravel\\framework\\src\\Illuminate\\Routing\\Middleware\\SubstituteBindings.php(50): Illuminate\\Pipeline\\Pipeline->{closure:Illuminate\\Pipeline\\Pipeline::prepareDestination():142}()
#20 C:\\Users\\pasic\\Documents\\Pathfinder_Coding\\Pathfinder-Development\\backend\\vendor\\laravel\\framework\\src\\Illuminate\\Pipeline\\Pipeline.php(183): Illuminate\\Routing\\Middleware\\SubstituteBindings->handle()
#21 C:\\Users\\pasic\\Documents\\Pathfinder_Coding\\Pathfinder-Development\\backend\\vendor\\laravel\\framework\\src\\Illuminate\\Foundation\\Http\\Middleware\\VerifyCsrfToken.php(78): Illuminate\\Pipeline\\Pipeline->{closure:{closure:Illuminate\\Pipeline\\Pipeline::carry():158}:159}()
#22 C:\\Users\\pasic\\Documents\\Pathfinder_Coding\\Pathfinder-Development\\backend\\vendor\\laravel\\framework\\src\\Illuminate\\Pipeline\\Pipeline.php(183): Illuminate\\Foundation\\Http\\Middleware\\VerifyCsrfToken->handle()
#23 C:\\Users\\pasic\\Documents\\Pathfinder_Coding\\Pathfinder-Development\\backend\\vendor\\laravel\\framework\\src\\Illuminate\\View\\Middleware\\ShareErrorsFromSession.php(49): Illuminate\\Pipeline\\Pipeline->{closure:{closure:Illuminate\\Pipeline\\Pipeline::carry():158}:159}()
#24 C:\\Users\\pasic\\Documents\\Pathfinder_Coding\\Pathfinder-Development\\backend\\vendor\\laravel\\framework\\src\\Illuminate\\Pipeline\\Pipeline.php(183): Illuminate\\View\\Middleware\\ShareErrorsFromSession->handle()
#25 C:\\Users\\pasic\\Documents\\Pathfinder_Coding\\Pathfinder-Development\\backend\\vendor\\laravel\\framework\\src\\Illuminate\\Session\\Middleware\\StartSession.php(121): Illuminate\\Pipeline\\Pipeline->{closure:{closure:Illuminate\\Pipeline\\Pipeline::carry():158}:159}()
#26 C:\\Users\\pasic\\Documents\\Pathfinder_Coding\\Pathfinder-Development\\backend\\vendor\\laravel\\framework\\src\\Illuminate\\Session\\Middleware\\StartSession.php(64): Illuminate\\Session\\Middleware\\StartSession->handleStatefulRequest()
#27 C:\\Users\\pasic\\Documents\\Pathfinder_Coding\\Pathfinder-Development\\backend\\vendor\\laravel\\framework\\src\\Illuminate\\Pipeline\\Pipeline.php(183): Illuminate\\Session\\Middleware\\StartSession->handle()
#28 C:\\Users\\pasic\\Documents\\Pathfinder_Coding\\Pathfinder-Development\\backend\\vendor\\laravel\\framework\\src\\Illuminate\\Cookie\\Middleware\\AddQueuedCookiesToResponse.php(37): Illuminate\\Pipeline\\Pipeline->{closure:{closure:Illuminate\\Pipeline\\Pipeline::carry():158}:159}()
#29 C:\\Users\\pasic\\Documents\\Pathfinder_Coding\\Pathfinder-Development\\backend\\vendor\\laravel\\framework\\src\\Illuminate\\Pipeline\\Pipeline.php(183): Illuminate\\Cookie\\Middleware\\AddQueuedCookiesToResponse->handle()
#30 C:\\Users\\pasic\\Documents\\Pathfinder_Coding\\Pathfinder-Development\\backend\\vendor\\laravel\\framework\\src\\Illuminate\\Cookie\\Middleware\\EncryptCookies.php(67): Illuminate\\Pipeline\\Pipeline->{closure:{closure:Illuminate\\Pipeline\\Pipeline::carry():158}:159}()
#31 C:\\Users\\pasic\\Documents\\Pathfinder_Coding\\Pathfinder-Development\\backend\\vendor\\laravel\\framework\\src\\Illuminate\\Pipeline\\Pipeline.php(183): Illuminate\\Cookie\\Middleware\\EncryptCookies->handle()
#32 C:\\Users\\pasic\\Documents\\Pathfinder_Coding\\Pathfinder-Development\\backend\\vendor\\laravel\\framework\\src\\Illuminate\\Pipeline\\Pipeline.php(119): Illuminate\\Pipeline\\Pipeline->{closure:{closure:Illuminate\\Pipeline\\Pipeline::carry():158}:159}()
#33 C:\\Users\\pasic\\Documents\\Pathfinder_Coding\\Pathfinder-Development\\backend\\vendor\\laravel\\framework\\src\\Illuminate\\Routing\\Router.php(805): Illuminate\\Pipeline\\Pipeline->then()
#34 C:\\Users\\pasic\\Documents\\Pathfinder_Coding\\Pathfinder-Development\\backend\\vendor\\laravel\\framework\\src\\Illuminate\\Routing\\Router.php(784): Illuminate\\Routing\\Router->runRouteWithinStack()
#35 C:\\Users\\pasic\\Documents\\Pathfinder_Coding\\Pathfinder-Development\\backend\\vendor\\laravel\\framework\\src\\Illuminate\\Routing\\Router.php(748): Illuminate\\Routing\\Router->runRoute()
#36 C:\\Users\\pasic\\Documents\\Pathfinder_Coding\\Pathfinder-Development\\backend\\vendor\\laravel\\framework\\src\\Illuminate\\Routing\\Router.php(737): Illuminate\\Routing\\Router->dispatchToRoute()
#37 C:\\Users\\pasic\\Documents\\Pathfinder_Coding\\Pathfinder-Development\\backend\\vendor\\laravel\\framework\\src\\Illuminate\\Foundation\\Http\\Kernel.php(200): Illuminate\\Routing\\Router->dispatch()
#38 C:\\Users\\pasic\\Documents\\Pathfinder_Coding\\Pathfinder-Development\\backend\\vendor\\laravel\\framework\\src\\Illuminate\\Pipeline\\Pipeline.php(144): Illuminate\\Foundation\\Http\\Kernel->{closure:Illuminate\\Foundation\\Http\\Kernel::dispatchToRouter():197}()
#39 C:\\Users\\pasic\\Documents\\Pathfinder_Coding\\Pathfinder-Development\\backend\\vendor\\laravel\\framework\\src\\Illuminate\\Foundation\\Http\\Middleware\\TransformsRequest.php(21): Illuminate\\Pipeline\\Pipeline->{closure:Illuminate\\Pipeline\\Pipeline::prepareDestination():142}()
#40 C:\\Users\\pasic\\Documents\\Pathfinder_Coding\\Pathfinder-Development\\backend\\vendor\\laravel\\framework\\src\\Illuminate\\Foundation\\Http\\Middleware\\ConvertEmptyStringsToNull.php(31): Illuminate\\Foundation\\Http\\Middleware\\TransformsRequest->handle()
#41 C:\\Users\\pasic\\Documents\\Pathfinder_Coding\\Pathfinder-Development\\backend\\vendor\\laravel\\framework\\src\\Illuminate\\Pipeline\\Pipeline.php(183): Illuminate\\Foundation\\Http\\Middleware\\ConvertEmptyStringsToNull->handle()
#42 C:\\Users\\pasic\\Documents\\Pathfinder_Coding\\Pathfinder-Development\\backend\\vendor\\laravel\\framework\\src\\Illuminate\\Foundation\\Http\\Middleware\\TransformsRequest.php(21): Illuminate\\Pipeline\\Pipeline->{closure:{closure:Illuminate\\Pipeline\\Pipeline::carry():158}:159}()
#43 C:\\Users\\pasic\\Documents\\Pathfinder_Coding\\Pathfinder-Development\\backend\\vendor\\laravel\\framework\\src\\Illuminate\\Foundation\\Http\\Middleware\\TrimStrings.php(40): Illuminate\\Foundation\\Http\\Middleware\\TransformsRequest->handle()
#44 C:\\Users\\pasic\\Documents\\Pathfinder_Coding\\Pathfinder-Development\\backend\\vendor\\laravel\\framework\\src\\Illuminate\\Pipeline\\Pipeline.php(183): Illuminate\\Foundation\\Http\\Middleware\\TrimStrings->handle()
#45 C:\\Users\\pasic\\Documents\\Pathfinder_Coding\\Pathfinder-Development\\backend\\vendor\\laravel\\framework\\src\\Illuminate\\Foundation\\Http\\Middleware\\ValidatePostSize.php(27): Illuminate\\Pipeline\\Pipeline->{closure:{closure:Illuminate\\Pipeline\\Pipeline::carry():158}:159}()
#46 C:\\Users\\pasic\\Documents\\Pathfinder_Coding\\Pathfinder-Development\\backend\\vendor\\laravel\\framework\\src\\Illuminate\\Pipeline\\Pipeline.php(183): Illuminate\\Foundation\\Http\\Middleware\\ValidatePostSize->handle()
#47 C:\\Users\\pasic\\Documents\\Pathfinder_Coding\\Pathfinder-Development\\backend\\vendor\\laravel\\framework\\src\\Illuminate\\Foundation\\Http\\Middleware\\PreventRequestsDuringMaintenance.php(99): Illuminate\\Pipeline\\Pipeline->{closure:{closure:Illuminate\\Pipeline\\Pipeline::carry():158}:159}()
#48 C:\\Users\\pasic\\Documents\\Pathfinder_Coding\\Pathfinder-Development\\backend\\vendor\\laravel\\framework\\src\\Illuminate\\Pipeline\\Pipeline.php(183): Illuminate\\Foundation\\Http\\Middleware\\PreventRequestsDuringMaintenance->handle()
#49 C:\\Users\\pasic\\Documents\\Pathfinder_Coding\\Pathfinder-Development\\backend\\vendor\\laravel\\framework\\src\\Illuminate\\Http\\Middleware\\HandleCors.php(49): Illuminate\\Pipeline\\Pipeline->{closure:{closure:Illuminate\\Pipeline\\Pipeline::carry():158}:159}()
#50 C:\\Users\\pasic\\Documents\\Pathfinder_Coding\\Pathfinder-Development\\backend\\vendor\\laravel\\framework\\src\\Illuminate\\Pipeline\\Pipeline.php(183): Illuminate\\Http\\Middleware\\HandleCors->handle()
#51 C:\\Users\\pasic\\Documents\\Pathfinder_Coding\\Pathfinder-Development\\backend\\vendor\\laravel\\framework\\src\\Illuminate\\Http\\Middleware\\TrustProxies.php(39): Illuminate\\Pipeline\\Pipeline->{closure:{closure:Illuminate\\Pipeline\\Pipeline::carry():158}:159}()
#52 C:\\Users\\pasic\\Documents\\Pathfinder_Coding\\Pathfinder-Development\\backend\\vendor\\laravel\\framework\\src\\Illuminate\\Pipeline\\Pipeline.php(183): Illuminate\\Http\\Middleware\\TrustProxies->handle()
#53 C:\\Users\\pasic\\Documents\\Pathfinder_Coding\\Pathfinder-Development\\backend\\vendor\\laravel\\framework\\src\\Illuminate\\Pipeline\\Pipeline.php(119): Illuminate\\Pipeline\\Pipeline->{closure:{closure:Illuminate\\Pipeline\\Pipeline::carry():158}:159}()
#54 C:\\Users\\pasic\\Documents\\Pathfinder_Coding\\Pathfinder-Development\\backend\\vendor\\laravel\\framework\\src\\Illuminate\\Foundation\\Http\\Kernel.php(175): Illuminate\\Pipeline\\Pipeline->then()
#55 C:\\Users\\pasic\\Documents\\Pathfinder_Coding\\Pathfinder-Development\\backend\\vendor\\laravel\\framework\\src\\Illuminate\\Foundation\\Http\\Kernel.php(144): Illuminate\\Foundation\\Http\\Kernel->sendRequestThroughRouter()
#56 C:\\Users\\pasic\\Documents\\Pathfinder_Coding\\Pathfinder-Development\\backend\\public\\index.php(51): Illuminate\\Foundation\\Http\\Kernel->handle()
#57 C:\\Users\\pasic\\Documents\\Pathfinder_Coding\\Pathfinder-Development\\backend\\vendor\\laravel\\framework\\src\\Illuminate\\Foundation\\resources\\server.php(16): require_once('...')
#58 {main}
"} 
[2025-07-22 15:41:16] local.ERROR: file_put_contents(C:\Users\pasic\Documents\Pathfinder_Coding\Pathfinder-Development\backend\storage\framework/sessions/vqn4dkYjAX5HlxfElVuMSk4S88OC8xvUj1XXvDmA): Failed to open stream: No such file or directory {"exception":"[object] (ErrorException(code: 0): file_put_contents(C:\\Users\\pasic\\Documents\\Pathfinder_Coding\\Pathfinder-Development\\backend\\storage\\framework/sessions/vqn4dkYjAX5HlxfElVuMSk4S88OC8xvUj1XXvDmA): Failed to open stream: No such file or directory at C:\\Users\\pasic\\Documents\\Pathfinder_Coding\\Pathfinder-Development\\backend\\vendor\\laravel\\framework\\src\\Illuminate\\Filesystem\\Filesystem.php:204)
[stacktrace]
#0 C:\\Users\\pasic\\Documents\\Pathfinder_Coding\\Pathfinder-Development\\backend\\vendor\\laravel\\framework\\src\\Illuminate\\Foundation\\Bootstrap\\HandleExceptions.php(255): Illuminate\\Foundation\\Bootstrap\\HandleExceptions->handleError()
#1 [internal function]: Illuminate\\Foundation\\Bootstrap\\HandleExceptions->{closure:Illuminate\\Foundation\\Bootstrap\\HandleExceptions::forwardsTo():254}()
#2 C:\\Users\\pasic\\Documents\\Pathfinder_Coding\\Pathfinder-Development\\backend\\vendor\\laravel\\framework\\src\\Illuminate\\Filesystem\\Filesystem.php(204): file_put_contents()
#3 C:\\Users\\pasic\\Documents\\Pathfinder_Coding\\Pathfinder-Development\\backend\\vendor\\laravel\\framework\\src\\Illuminate\\Session\\FileSessionHandler.php(90): Illuminate\\Filesystem\\Filesystem->put()
#4 C:\\Users\\pasic\\Documents\\Pathfinder_Coding\\Pathfinder-Development\\backend\\vendor\\laravel\\framework\\src\\Illuminate\\Session\\Store.php(172): Illuminate\\Session\\FileSessionHandler->write()
#5 C:\\Users\\pasic\\Documents\\Pathfinder_Coding\\Pathfinder-Development\\backend\\vendor\\laravel\\framework\\src\\Illuminate\\Session\\Middleware\\StartSession.php(245): Illuminate\\Session\\Store->save()
#6 C:\\Users\\pasic\\Documents\\Pathfinder_Coding\\Pathfinder-Development\\backend\\vendor\\laravel\\framework\\src\\Illuminate\\Session\\Middleware\\StartSession.php(130): Illuminate\\Session\\Middleware\\StartSession->saveSession()
#7 C:\\Users\\pasic\\Documents\\Pathfinder_Coding\\Pathfinder-Development\\backend\\vendor\\laravel\\framework\\src\\Illuminate\\Session\\Middleware\\StartSession.php(64): Illuminate\\Session\\Middleware\\StartSession->handleStatefulRequest()
#8 C:\\Users\\pasic\\Documents\\Pathfinder_Coding\\Pathfinder-Development\\backend\\vendor\\laravel\\framework\\src\\Illuminate\\Pipeline\\Pipeline.php(183): Illuminate\\Session\\Middleware\\StartSession->handle()
#9 C:\\Users\\pasic\\Documents\\Pathfinder_Coding\\Pathfinder-Development\\backend\\vendor\\laravel\\framework\\src\\Illuminate\\Cookie\\Middleware\\AddQueuedCookiesToResponse.php(37): Illuminate\\Pipeline\\Pipeline->{closure:{closure:Illuminate\\Pipeline\\Pipeline::carry():158}:159}()
#10 C:\\Users\\pasic\\Documents\\Pathfinder_Coding\\Pathfinder-Development\\backend\\vendor\\laravel\\framework\\src\\Illuminate\\Pipeline\\Pipeline.php(183): Illuminate\\Cookie\\Middleware\\AddQueuedCookiesToResponse->handle()
#11 C:\\Users\\pasic\\Documents\\Pathfinder_Coding\\Pathfinder-Development\\backend\\vendor\\laravel\\framework\\src\\Illuminate\\Cookie\\Middleware\\EncryptCookies.php(67): Illuminate\\Pipeline\\Pipeline->{closure:{closure:Illuminate\\Pipeline\\Pipeline::carry():158}:159}()
#12 C:\\Users\\pasic\\Documents\\Pathfinder_Coding\\Pathfinder-Development\\backend\\vendor\\laravel\\framework\\src\\Illuminate\\Pipeline\\Pipeline.php(183): Illuminate\\Cookie\\Middleware\\EncryptCookies->handle()
#13 C:\\Users\\pasic\\Documents\\Pathfinder_Coding\\Pathfinder-Development\\backend\\vendor\\laravel\\framework\\src\\Illuminate\\Pipeline\\Pipeline.php(119): Illuminate\\Pipeline\\Pipeline->{closure:{closure:Illuminate\\Pipeline\\Pipeline::carry():158}:159}()
#14 C:\\Users\\pasic\\Documents\\Pathfinder_Coding\\Pathfinder-Development\\backend\\vendor\\laravel\\framework\\src\\Illuminate\\Routing\\Router.php(805): Illuminate\\Pipeline\\Pipeline->then()
#15 C:\\Users\\pasic\\Documents\\Pathfinder_Coding\\Pathfinder-Development\\backend\\vendor\\laravel\\framework\\src\\Illuminate\\Routing\\Router.php(784): Illuminate\\Routing\\Router->runRouteWithinStack()
#16 C:\\Users\\pasic\\Documents\\Pathfinder_Coding\\Pathfinder-Development\\backend\\vendor\\laravel\\framework\\src\\Illuminate\\Routing\\Router.php(748): Illuminate\\Routing\\Router->runRoute()
#17 C:\\Users\\pasic\\Documents\\Pathfinder_Coding\\Pathfinder-Development\\backend\\vendor\\laravel\\framework\\src\\Illuminate\\Routing\\Router.php(737): Illuminate\\Routing\\Router->dispatchToRoute()
#18 C:\\Users\\pasic\\Documents\\Pathfinder_Coding\\Pathfinder-Development\\backend\\vendor\\laravel\\framework\\src\\Illuminate\\Foundation\\Http\\Kernel.php(200): Illuminate\\Routing\\Router->dispatch()
#19 C:\\Users\\pasic\\Documents\\Pathfinder_Coding\\Pathfinder-Development\\backend\\vendor\\laravel\\framework\\src\\Illuminate\\Pipeline\\Pipeline.php(144): Illuminate\\Foundation\\Http\\Kernel->{closure:Illuminate\\Foundation\\Http\\Kernel::dispatchToRouter():197}()
#20 C:\\Users\\pasic\\Documents\\Pathfinder_Coding\\Pathfinder-Development\\backend\\vendor\\laravel\\framework\\src\\Illuminate\\Foundation\\Http\\Middleware\\TransformsRequest.php(21): Illuminate\\Pipeline\\Pipeline->{closure:Illuminate\\Pipeline\\Pipeline::prepareDestination():142}()
#21 C:\\Users\\pasic\\Documents\\Pathfinder_Coding\\Pathfinder-Development\\backend\\vendor\\laravel\\framework\\src\\Illuminate\\Foundation\\Http\\Middleware\\ConvertEmptyStringsToNull.php(31): Illuminate\\Foundation\\Http\\Middleware\\TransformsRequest->handle()
#22 C:\\Users\\pasic\\Documents\\Pathfinder_Coding\\Pathfinder-Development\\backend\\vendor\\laravel\\framework\\src\\Illuminate\\Pipeline\\Pipeline.php(183): Illuminate\\Foundation\\Http\\Middleware\\ConvertEmptyStringsToNull->handle()
#23 C:\\Users\\pasic\\Documents\\Pathfinder_Coding\\Pathfinder-Development\\backend\\vendor\\laravel\\framework\\src\\Illuminate\\Foundation\\Http\\Middleware\\TransformsRequest.php(21): Illuminate\\Pipeline\\Pipeline->{closure:{closure:Illuminate\\Pipeline\\Pipeline::carry():158}:159}()
#24 C:\\Users\\pasic\\Documents\\Pathfinder_Coding\\Pathfinder-Development\\backend\\vendor\\laravel\\framework\\src\\Illuminate\\Foundation\\Http\\Middleware\\TrimStrings.php(40): Illuminate\\Foundation\\Http\\Middleware\\TransformsRequest->handle()
#25 C:\\Users\\pasic\\Documents\\Pathfinder_Coding\\Pathfinder-Development\\backend\\vendor\\laravel\\framework\\src\\Illuminate\\Pipeline\\Pipeline.php(183): Illuminate\\Foundation\\Http\\Middleware\\TrimStrings->handle()
#26 C:\\Users\\pasic\\Documents\\Pathfinder_Coding\\Pathfinder-Development\\backend\\vendor\\laravel\\framework\\src\\Illuminate\\Foundation\\Http\\Middleware\\ValidatePostSize.php(27): Illuminate\\Pipeline\\Pipeline->{closure:{closure:Illuminate\\Pipeline\\Pipeline::carry():158}:159}()
#27 C:\\Users\\pasic\\Documents\\Pathfinder_Coding\\Pathfinder-Development\\backend\\vendor\\laravel\\framework\\src\\Illuminate\\Pipeline\\Pipeline.php(183): Illuminate\\Foundation\\Http\\Middleware\\ValidatePostSize->handle()
#28 C:\\Users\\pasic\\Documents\\Pathfinder_Coding\\Pathfinder-Development\\backend\\vendor\\laravel\\framework\\src\\Illuminate\\Foundation\\Http\\Middleware\\PreventRequestsDuringMaintenance.php(99): Illuminate\\Pipeline\\Pipeline->{closure:{closure:Illuminate\\Pipeline\\Pipeline::carry():158}:159}()
#29 C:\\Users\\pasic\\Documents\\Pathfinder_Coding\\Pathfinder-Development\\backend\\vendor\\laravel\\framework\\src\\Illuminate\\Pipeline\\Pipeline.php(183): Illuminate\\Foundation\\Http\\Middleware\\PreventRequestsDuringMaintenance->handle()
#30 C:\\Users\\pasic\\Documents\\Pathfinder_Coding\\Pathfinder-Development\\backend\\vendor\\laravel\\framework\\src\\Illuminate\\Http\\Middleware\\HandleCors.php(49): Illuminate\\Pipeline\\Pipeline->{closure:{closure:Illuminate\\Pipeline\\Pipeline::carry():158}:159}()
#31 C:\\Users\\pasic\\Documents\\Pathfinder_Coding\\Pathfinder-Development\\backend\\vendor\\laravel\\framework\\src\\Illuminate\\Pipeline\\Pipeline.php(183): Illuminate\\Http\\Middleware\\HandleCors->handle()
#32 C:\\Users\\pasic\\Documents\\Pathfinder_Coding\\Pathfinder-Development\\backend\\vendor\\laravel\\framework\\src\\Illuminate\\Http\\Middleware\\TrustProxies.php(39): Illuminate\\Pipeline\\Pipeline->{closure:{closure:Illuminate\\Pipeline\\Pipeline::carry():158}:159}()
#33 C:\\Users\\pasic\\Documents\\Pathfinder_Coding\\Pathfinder-Development\\backend\\vendor\\laravel\\framework\\src\\Illuminate\\Pipeline\\Pipeline.php(183): Illuminate\\Http\\Middleware\\TrustProxies->handle()
#34 C:\\Users\\pasic\\Documents\\Pathfinder_Coding\\Pathfinder-Development\\backend\\vendor\\laravel\\framework\\src\\Illuminate\\Pipeline\\Pipeline.php(119): Illuminate\\Pipeline\\Pipeline->{closure:{closure:Illuminate\\Pipeline\\Pipeline::carry():158}:159}()
#35 C:\\Users\\pasic\\Documents\\Pathfinder_Coding\\Pathfinder-Development\\backend\\vendor\\laravel\\framework\\src\\Illuminate\\Foundation\\Http\\Kernel.php(175): Illuminate\\Pipeline\\Pipeline->then()
#36 C:\\Users\\pasic\\Documents\\Pathfinder_Coding\\Pathfinder-Development\\backend\\vendor\\laravel\\framework\\src\\Illuminate\\Foundation\\Http\\Kernel.php(144): Illuminate\\Foundation\\Http\\Kernel->sendRequestThroughRouter()
#37 C:\\Users\\pasic\\Documents\\Pathfinder_Coding\\Pathfinder-Development\\backend\\public\\index.php(51): Illuminate\\Foundation\\Http\\Kernel->handle()
#38 C:\\Users\\pasic\\Documents\\Pathfinder_Coding\\Pathfinder-Development\\backend\\vendor\\laravel\\framework\\src\\Illuminate\\Foundation\\resources\\server.php(16): require_once('...')
#39 {main}
"} 
[2025-07-22 15:46:41] local.ERROR: could not find driver (Connection: mysql, SQL: select count(*) as aggregate from `Applicant` where `emailAddress` = abc123@gmail.com) {"exception":"[object] (Illuminate\\Database\\QueryException(code: 0): could not find driver (Connection: mysql, SQL: select count(*) as aggregate from `Applicant` where `emailAddress` = abc123@gmail.com) at C:\\Users\\pasic\\Documents\\Pathfinder_Coding\\Pathfinder-Development\\backend\\vendor\\laravel\\framework\\src\\Illuminate\\Database\\Connection.php:829)
[stacktrace]
#0 C:\\Users\\pasic\\Documents\\Pathfinder_Coding\\Pathfinder-Development\\backend\\vendor\\laravel\\framework\\src\\Illuminate\\Database\\Connection.php(783): Illuminate\\Database\\Connection->runQueryCallback()
#1 C:\\Users\\pasic\\Documents\\Pathfinder_Coding\\Pathfinder-Development\\backend\\vendor\\laravel\\framework\\src\\Illuminate\\Database\\Connection.php(414): Illuminate\\Database\\Connection->run()
#2 C:\\Users\\pasic\\Documents\\Pathfinder_Coding\\Pathfinder-Development\\backend\\vendor\\laravel\\framework\\src\\Illuminate\\Database\\Query\\Builder.php(2913): Illuminate\\Database\\Connection->select()
#3 C:\\Users\\pasic\\Documents\\Pathfinder_Coding\\Pathfinder-Development\\backend\\vendor\\laravel\\framework\\src\\Illuminate\\Database\\Query\\Builder.php(2902): Illuminate\\Database\\Query\\Builder->runSelect()
#4 C:\\Users\\pasic\\Documents\\Pathfinder_Coding\\Pathfinder-Development\\backend\\vendor\\laravel\\framework\\src\\Illuminate\\Database\\Query\\Builder.php(3456): Illuminate\\Database\\Query\\Builder->{closure:Illuminate\\Database\\Query\\Builder::get():2901}()
#5 C:\\Users\\pasic\\Documents\\Pathfinder_Coding\\Pathfinder-Development\\backend\\vendor\\laravel\\framework\\src\\Illuminate\\Database\\Query\\Builder.php(2901): Illuminate\\Database\\Query\\Builder->onceWithColumns()
#6 C:\\Users\\pasic\\Documents\\Pathfinder_Coding\\Pathfinder-Development\\backend\\vendor\\laravel\\framework\\src\\Illuminate\\Database\\Query\\Builder.php(3383): Illuminate\\Database\\Query\\Builder->get()
#7 C:\\Users\\pasic\\Documents\\Pathfinder_Coding\\Pathfinder-Development\\backend\\vendor\\laravel\\framework\\src\\Illuminate\\Database\\Query\\Builder.php(3311): Illuminate\\Database\\Query\\Builder->aggregate()
#8 C:\\Users\\pasic\\Documents\\Pathfinder_Coding\\Pathfinder-Development\\backend\\vendor\\laravel\\framework\\src\\Illuminate\\Validation\\DatabasePresenceVerifier.php(54): Illuminate\\Database\\Query\\Builder->count()
#9 C:\\Users\\pasic\\Documents\\Pathfinder_Coding\\Pathfinder-Development\\backend\\vendor\\laravel\\framework\\src\\Illuminate\\Validation\\Concerns\\ValidatesAttributes.php(948): Illuminate\\Validation\\DatabasePresenceVerifier->getCount()
#10 C:\\Users\\pasic\\Documents\\Pathfinder_Coding\\Pathfinder-Development\\backend\\vendor\\laravel\\framework\\src\\Illuminate\\Validation\\Validator.php(660): Illuminate\\Validation\\Validator->validateUnique()
#11 C:\\Users\\pasic\\Documents\\Pathfinder_Coding\\Pathfinder-Development\\backend\\vendor\\laravel\\framework\\src\\Illuminate\\Validation\\Validator.php(459): Illuminate\\Validation\\Validator->validateAttribute()
#12 C:\\Users\\pasic\\Documents\\Pathfinder_Coding\\Pathfinder-Development\\backend\\vendor\\laravel\\framework\\src\\Illuminate\\Validation\\Validator.php(494): Illuminate\\Validation\\Validator->passes()
#13 C:\\Users\\pasic\\Documents\\Pathfinder_Coding\\Pathfinder-Development\\backend\\app\\Http\\Controllers\\ApplicantController.php(24): Illuminate\\Validation\\Validator->fails()
#14 C:\\Users\\pasic\\Documents\\Pathfinder_Coding\\Pathfinder-Development\\backend\\vendor\\laravel\\framework\\src\\Illuminate\\Routing\\Controller.php(54): App\\Http\\Controllers\\ApplicantController->store()
#15 C:\\Users\\pasic\\Documents\\Pathfinder_Coding\\Pathfinder-Development\\backend\\vendor\\laravel\\framework\\src\\Illuminate\\Routing\\ControllerDispatcher.php(43): Illuminate\\Routing\\Controller->callAction()
#16 C:\\Users\\pasic\\Documents\\Pathfinder_Coding\\Pathfinder-Development\\backend\\vendor\\laravel\\framework\\src\\Illuminate\\Routing\\Route.php(259): Illuminate\\Routing\\ControllerDispatcher->dispatch()
#17 C:\\Users\\pasic\\Documents\\Pathfinder_Coding\\Pathfinder-Development\\backend\\vendor\\laravel\\framework\\src\\Illuminate\\Routing\\Route.php(205): Illuminate\\Routing\\Route->runController()
#18 C:\\Users\\pasic\\Documents\\Pathfinder_Coding\\Pathfinder-Development\\backend\\vendor\\laravel\\framework\\src\\Illuminate\\Routing\\Router.php(806): Illuminate\\Routing\\Route->run()
#19 C:\\Users\\pasic\\Documents\\Pathfinder_Coding\\Pathfinder-Development\\backend\\vendor\\laravel\\framework\\src\\Illuminate\\Pipeline\\Pipeline.php(144): Illuminate\\Routing\\Router->{closure:Illuminate\\Routing\\Router::runRouteWithinStack():805}()
#20 C:\\Users\\pasic\\Documents\\Pathfinder_Coding\\Pathfinder-Development\\backend\\vendor\\laravel\\framework\\src\\Illuminate\\Routing\\Middleware\\SubstituteBindings.php(50): Illuminate\\Pipeline\\Pipeline->{closure:Illuminate\\Pipeline\\Pipeline::prepareDestination():142}()
#21 C:\\Users\\pasic\\Documents\\Pathfinder_Coding\\Pathfinder-Development\\backend\\vendor\\laravel\\framework\\src\\Illuminate\\Pipeline\\Pipeline.php(183): Illuminate\\Routing\\Middleware\\SubstituteBindings->handle()
#22 C:\\Users\\pasic\\Documents\\Pathfinder_Coding\\Pathfinder-Development\\backend\\vendor\\laravel\\framework\\src\\Illuminate\\Routing\\Middleware\\ThrottleRequests.php(159): Illuminate\\Pipeline\\Pipeline->{closure:{closure:Illuminate\\Pipeline\\Pipeline::carry():158}:159}()
#23 C:\\Users\\pasic\\Documents\\Pathfinder_Coding\\Pathfinder-Development\\backend\\vendor\\laravel\\framework\\src\\Illuminate\\Routing\\Middleware\\ThrottleRequests.php(125): Illuminate\\Routing\\Middleware\\ThrottleRequests->handleRequest()
#24 C:\\Users\\pasic\\Documents\\Pathfinder_Coding\\Pathfinder-Development\\backend\\vendor\\laravel\\framework\\src\\Illuminate\\Routing\\Middleware\\ThrottleRequests.php(87): Illuminate\\Routing\\Middleware\\ThrottleRequests->handleRequestUsingNamedLimiter()
#25 C:\\Users\\pasic\\Documents\\Pathfinder_Coding\\Pathfinder-Development\\backend\\vendor\\laravel\\framework\\src\\Illuminate\\Pipeline\\Pipeline.php(183): Illuminate\\Routing\\Middleware\\ThrottleRequests->handle()
#26 C:\\Users\\pasic\\Documents\\Pathfinder_Coding\\Pathfinder-Development\\backend\\vendor\\laravel\\framework\\src\\Illuminate\\Pipeline\\Pipeline.php(119): Illuminate\\Pipeline\\Pipeline->{closure:{closure:Illuminate\\Pipeline\\Pipeline::carry():158}:159}()
#27 C:\\Users\\pasic\\Documents\\Pathfinder_Coding\\Pathfinder-Development\\backend\\vendor\\laravel\\framework\\src\\Illuminate\\Routing\\Router.php(805): Illuminate\\Pipeline\\Pipeline->then()
#28 C:\\Users\\pasic\\Documents\\Pathfinder_Coding\\Pathfinder-Development\\backend\\vendor\\laravel\\framework\\src\\Illuminate\\Routing\\Router.php(784): Illuminate\\Routing\\Router->runRouteWithinStack()
#29 C:\\Users\\pasic\\Documents\\Pathfinder_Coding\\Pathfinder-Development\\backend\\vendor\\laravel\\framework\\src\\Illuminate\\Routing\\Router.php(748): Illuminate\\Routing\\Router->runRoute()
#30 C:\\Users\\pasic\\Documents\\Pathfinder_Coding\\Pathfinder-Development\\backend\\vendor\\laravel\\framework\\src\\Illuminate\\Routing\\Router.php(737): Illuminate\\Routing\\Router->dispatchToRoute()
#31 C:\\Users\\pasic\\Documents\\Pathfinder_Coding\\Pathfinder-Development\\backend\\vendor\\laravel\\framework\\src\\Illuminate\\Foundation\\Http\\Kernel.php(200): Illuminate\\Routing\\Router->dispatch()
#32 C:\\Users\\pasic\\Documents\\Pathfinder_Coding\\Pathfinder-Development\\backend\\vendor\\laravel\\framework\\src\\Illuminate\\Pipeline\\Pipeline.php(144): Illuminate\\Foundation\\Http\\Kernel->{closure:Illuminate\\Foundation\\Http\\Kernel::dispatchToRouter():197}()
#33 C:\\Users\\pasic\\Documents\\Pathfinder_Coding\\Pathfinder-Development\\backend\\vendor\\laravel\\framework\\src\\Illuminate\\Foundation\\Http\\Middleware\\TransformsRequest.php(21): Illuminate\\Pipeline\\Pipeline->{closure:Illuminate\\Pipeline\\Pipeline::prepareDestination():142}()
#34 C:\\Users\\pasic\\Documents\\Pathfinder_Coding\\Pathfinder-Development\\backend\\vendor\\laravel\\framework\\src\\Illuminate\\Foundation\\Http\\Middleware\\ConvertEmptyStringsToNull.php(31): Illuminate\\Foundation\\Http\\Middleware\\TransformsRequest->handle()
#35 C:\\Users\\pasic\\Documents\\Pathfinder_Coding\\Pathfinder-Development\\backend\\vendor\\laravel\\framework\\src\\Illuminate\\Pipeline\\Pipeline.php(183): Illuminate\\Foundation\\Http\\Middleware\\ConvertEmptyStringsToNull->handle()
#36 C:\\Users\\pasic\\Documents\\Pathfinder_Coding\\Pathfinder-Development\\backend\\vendor\\laravel\\framework\\src\\Illuminate\\Foundation\\Http\\Middleware\\TransformsRequest.php(21): Illuminate\\Pipeline\\Pipeline->{closure:{closure:Illuminate\\Pipeline\\Pipeline::carry():158}:159}()
#37 C:\\Users\\pasic\\Documents\\Pathfinder_Coding\\Pathfinder-Development\\backend\\vendor\\laravel\\framework\\src\\Illuminate\\Foundation\\Http\\Middleware\\TrimStrings.php(40): Illuminate\\Foundation\\Http\\Middleware\\TransformsRequest->handle()
#38 C:\\Users\\pasic\\Documents\\Pathfinder_Coding\\Pathfinder-Development\\backend\\vendor\\laravel\\framework\\src\\Illuminate\\Pipeline\\Pipeline.php(183): Illuminate\\Foundation\\Http\\Middleware\\TrimStrings->handle()
#39 C:\\Users\\pasic\\Documents\\Pathfinder_Coding\\Pathfinder-Development\\backend\\vendor\\laravel\\framework\\src\\Illuminate\\Foundation\\Http\\Middleware\\ValidatePostSize.php(27): Illuminate\\Pipeline\\Pipeline->{closure:{closure:Illuminate\\Pipeline\\Pipeline::carry():158}:159}()
#40 C:\\Users\\pasic\\Documents\\Pathfinder_Coding\\Pathfinder-Development\\backend\\vendor\\laravel\\framework\\src\\Illuminate\\Pipeline\\Pipeline.php(183): Illuminate\\Foundation\\Http\\Middleware\\ValidatePostSize->handle()
#41 C:\\Users\\pasic\\Documents\\Pathfinder_Coding\\Pathfinder-Development\\backend\\vendor\\laravel\\framework\\src\\Illuminate\\Foundation\\Http\\Middleware\\PreventRequestsDuringMaintenance.php(99): Illuminate\\Pipeline\\Pipeline->{closure:{closure:Illuminate\\Pipeline\\Pipeline::carry():158}:159}()
#42 C:\\Users\\pasic\\Documents\\Pathfinder_Coding\\Pathfinder-Development\\backend\\vendor\\laravel\\framework\\src\\Illuminate\\Pipeline\\Pipeline.php(183): Illuminate\\Foundation\\Http\\Middleware\\PreventRequestsDuringMaintenance->handle()
#43 C:\\Users\\pasic\\Documents\\Pathfinder_Coding\\Pathfinder-Development\\backend\\vendor\\laravel\\framework\\src\\Illuminate\\Http\\Middleware\\HandleCors.php(62): Illuminate\\Pipeline\\Pipeline->{closure:{closure:Illuminate\\Pipeline\\Pipeline::carry():158}:159}()
#44 C:\\Users\\pasic\\Documents\\Pathfinder_Coding\\Pathfinder-Development\\backend\\vendor\\laravel\\framework\\src\\Illuminate\\Pipeline\\Pipeline.php(183): Illuminate\\Http\\Middleware\\HandleCors->handle()
#45 C:\\Users\\pasic\\Documents\\Pathfinder_Coding\\Pathfinder-Development\\backend\\vendor\\laravel\\framework\\src\\Illuminate\\Http\\Middleware\\TrustProxies.php(39): Illuminate\\Pipeline\\Pipeline->{closure:{closure:Illuminate\\Pipeline\\Pipeline::carry():158}:159}()
#46 C:\\Users\\pasic\\Documents\\Pathfinder_Coding\\Pathfinder-Development\\backend\\vendor\\laravel\\framework\\src\\Illuminate\\Pipeline\\Pipeline.php(183): Illuminate\\Http\\Middleware\\TrustProxies->handle()
#47 C:\\Users\\pasic\\Documents\\Pathfinder_Coding\\Pathfinder-Development\\backend\\vendor\\laravel\\framework\\src\\Illuminate\\Pipeline\\Pipeline.php(119): Illuminate\\Pipeline\\Pipeline->{closure:{closure:Illuminate\\Pipeline\\Pipeline::carry():158}:159}()
#48 C:\\Users\\pasic\\Documents\\Pathfinder_Coding\\Pathfinder-Development\\backend\\vendor\\laravel\\framework\\src\\Illuminate\\Foundation\\Http\\Kernel.php(175): Illuminate\\Pipeline\\Pipeline->then()
#49 C:\\Users\\pasic\\Documents\\Pathfinder_Coding\\Pathfinder-Development\\backend\\vendor\\laravel\\framework\\src\\Illuminate\\Foundation\\Http\\Kernel.php(144): Illuminate\\Foundation\\Http\\Kernel->sendRequestThroughRouter()
#50 C:\\Users\\pasic\\Documents\\Pathfinder_Coding\\Pathfinder-Development\\backend\\public\\index.php(51): Illuminate\\Foundation\\Http\\Kernel->handle()
#51 C:\\Users\\pasic\\Documents\\Pathfinder_Coding\\Pathfinder-Development\\backend\\vendor\\laravel\\framework\\src\\Illuminate\\Foundation\\resources\\server.php(16): require_once('...')
#52 {main}

[previous exception] [object] (PDOException(code: 0): could not find driver at C:\\Users\\pasic\\Documents\\Pathfinder_Coding\\Pathfinder-Development\\backend\\vendor\\laravel\\framework\\src\\Illuminate\\Database\\Connectors\\Connector.php:65)
[stacktrace]
#0 C:\\Users\\pasic\\Documents\\Pathfinder_Coding\\Pathfinder-Development\\backend\\vendor\\laravel\\framework\\src\\Illuminate\\Database\\Connectors\\Connector.php(65): PDO->__construct()
#1 C:\\Users\\pasic\\Documents\\Pathfinder_Coding\\Pathfinder-Development\\backend\\vendor\\laravel\\framework\\src\\Illuminate\\Database\\Connectors\\Connector.php(44): Illuminate\\Database\\Connectors\\Connector->createPdoConnection()
#2 C:\\Users\\pasic\\Documents\\Pathfinder_Coding\\Pathfinder-Development\\backend\\vendor\\laravel\\framework\\src\\Illuminate\\Database\\Connectors\\MySqlConnector.php(24): Illuminate\\Database\\Connectors\\Connector->createConnection()
#3 C:\\Users\\pasic\\Documents\\Pathfinder_Coding\\Pathfinder-Development\\backend\\vendor\\laravel\\framework\\src\\Illuminate\\Database\\Connectors\\ConnectionFactory.php(184): Illuminate\\Database\\Connectors\\MySqlConnector->connect()
#4 [internal function]: Illuminate\\Database\\Connectors\\ConnectionFactory->{closure:Illuminate\\Database\\Connectors\\ConnectionFactory::createPdoResolverWithHosts():179}()
#5 C:\\Users\\pasic\\Documents\\Pathfinder_Coding\\Pathfinder-Development\\backend\\vendor\\laravel\\framework\\src\\Illuminate\\Database\\Connection.php(1339): call_user_func()
#6 C:\\Users\\pasic\\Documents\\Pathfinder_Coding\\Pathfinder-Development\\backend\\vendor\\laravel\\framework\\src\\Illuminate\\Database\\Connection.php(528): Illuminate\\Database\\Connection->getPdo()
#7 C:\\Users\\pasic\\Documents\\Pathfinder_Coding\\Pathfinder-Development\\backend\\vendor\\laravel\\framework\\src\\Illuminate\\Database\\Connection.php(423): Illuminate\\Database\\Connection->getPdoForSelect()
#8 C:\\Users\\pasic\\Documents\\Pathfinder_Coding\\Pathfinder-Development\\backend\\vendor\\laravel\\framework\\src\\Illuminate\\Database\\Connection.php(816): Illuminate\\Database\\Connection->{closure:Illuminate\\Database\\Connection::select():414}()
#9 C:\\Users\\pasic\\Documents\\Pathfinder_Coding\\Pathfinder-Development\\backend\\vendor\\laravel\\framework\\src\\Illuminate\\Database\\Connection.php(783): Illuminate\\Database\\Connection->runQueryCallback()
#10 C:\\Users\\pasic\\Documents\\Pathfinder_Coding\\Pathfinder-Development\\backend\\vendor\\laravel\\framework\\src\\Illuminate\\Database\\Connection.php(414): Illuminate\\Database\\Connection->run()
#11 C:\\Users\\pasic\\Documents\\Pathfinder_Coding\\Pathfinder-Development\\backend\\vendor\\laravel\\framework\\src\\Illuminate\\Database\\Query\\Builder.php(2913): Illuminate\\Database\\Connection->select()
#12 C:\\Users\\pasic\\Documents\\Pathfinder_Coding\\Pathfinder-Development\\backend\\vendor\\laravel\\framework\\src\\Illuminate\\Database\\Query\\Builder.php(2902): Illuminate\\Database\\Query\\Builder->runSelect()
#13 C:\\Users\\pasic\\Documents\\Pathfinder_Coding\\Pathfinder-Development\\backend\\vendor\\laravel\\framework\\src\\Illuminate\\Database\\Query\\Builder.php(3456): Illuminate\\Database\\Query\\Builder->{closure:Illuminate\\Database\\Query\\Builder::get():2901}()
#14 C:\\Users\\pasic\\Documents\\Pathfinder_Coding\\Pathfinder-Development\\backend\\vendor\\laravel\\framework\\src\\Illuminate\\Database\\Query\\Builder.php(2901): Illuminate\\Database\\Query\\Builder->onceWithColumns()
#15 C:\\Users\\pasic\\Documents\\Pathfinder_Coding\\Pathfinder-Development\\backend\\vendor\\laravel\\framework\\src\\Illuminate\\Database\\Query\\Builder.php(3383): Illuminate\\Database\\Query\\Builder->get()
#16 C:\\Users\\pasic\\Documents\\Pathfinder_Coding\\Pathfinder-Development\\backend\\vendor\\laravel\\framework\\src\\Illuminate\\Database\\Query\\Builder.php(3311): Illuminate\\Database\\Query\\Builder->aggregate()
#17 C:\\Users\\pasic\\Documents\\Pathfinder_Coding\\Pathfinder-Development\\backend\\vendor\\laravel\\framework\\src\\Illuminate\\Validation\\DatabasePresenceVerifier.php(54): Illuminate\\Database\\Query\\Builder->count()
#18 C:\\Users\\pasic\\Documents\\Pathfinder_Coding\\Pathfinder-Development\\backend\\vendor\\laravel\\framework\\src\\Illuminate\\Validation\\Concerns\\ValidatesAttributes.php(948): Illuminate\\Validation\\DatabasePresenceVerifier->getCount()
#19 C:\\Users\\pasic\\Documents\\Pathfinder_Coding\\Pathfinder-Development\\backend\\vendor\\laravel\\framework\\src\\Illuminate\\Validation\\Validator.php(660): Illuminate\\Validation\\Validator->validateUnique()
#20 C:\\Users\\pasic\\Documents\\Pathfinder_Coding\\Pathfinder-Development\\backend\\vendor\\laravel\\framework\\src\\Illuminate\\Validation\\Validator.php(459): Illuminate\\Validation\\Validator->validateAttribute()
#21 C:\\Users\\pasic\\Documents\\Pathfinder_Coding\\Pathfinder-Development\\backend\\vendor\\laravel\\framework\\src\\Illuminate\\Validation\\Validator.php(494): Illuminate\\Validation\\Validator->passes()
#22 C:\\Users\\pasic\\Documents\\Pathfinder_Coding\\Pathfinder-Development\\backend\\app\\Http\\Controllers\\ApplicantController.php(24): Illuminate\\Validation\\Validator->fails()
#23 C:\\Users\\pasic\\Documents\\Pathfinder_Coding\\Pathfinder-Development\\backend\\vendor\\laravel\\framework\\src\\Illuminate\\Routing\\Controller.php(54): App\\Http\\Controllers\\ApplicantController->store()
#24 C:\\Users\\pasic\\Documents\\Pathfinder_Coding\\Pathfinder-Development\\backend\\vendor\\laravel\\framework\\src\\Illuminate\\Routing\\ControllerDispatcher.php(43): Illuminate\\Routing\\Controller->callAction()
#25 C:\\Users\\pasic\\Documents\\Pathfinder_Coding\\Pathfinder-Development\\backend\\vendor\\laravel\\framework\\src\\Illuminate\\Routing\\Route.php(259): Illuminate\\Routing\\ControllerDispatcher->dispatch()
#26 C:\\Users\\pasic\\Documents\\Pathfinder_Coding\\Pathfinder-Development\\backend\\vendor\\laravel\\framework\\src\\Illuminate\\Routing\\Route.php(205): Illuminate\\Routing\\Route->runController()
#27 C:\\Users\\pasic\\Documents\\Pathfinder_Coding\\Pathfinder-Development\\backend\\vendor\\laravel\\framework\\src\\Illuminate\\Routing\\Router.php(806): Illuminate\\Routing\\Route->run()
#28 C:\\Users\\pasic\\Documents\\Pathfinder_Coding\\Pathfinder-Development\\backend\\vendor\\laravel\\framework\\src\\Illuminate\\Pipeline\\Pipeline.php(144): Illuminate\\Routing\\Router->{closure:Illuminate\\Routing\\Router::runRouteWithinStack():805}()
#29 C:\\Users\\pasic\\Documents\\Pathfinder_Coding\\Pathfinder-Development\\backend\\vendor\\laravel\\framework\\src\\Illuminate\\Routing\\Middleware\\SubstituteBindings.php(50): Illuminate\\Pipeline\\Pipeline->{closure:Illuminate\\Pipeline\\Pipeline::prepareDestination():142}()
#30 C:\\Users\\pasic\\Documents\\Pathfinder_Coding\\Pathfinder-Development\\backend\\vendor\\laravel\\framework\\src\\Illuminate\\Pipeline\\Pipeline.php(183): Illuminate\\Routing\\Middleware\\SubstituteBindings->handle()
#31 C:\\Users\\pasic\\Documents\\Pathfinder_Coding\\Pathfinder-Development\\backend\\vendor\\laravel\\framework\\src\\Illuminate\\Routing\\Middleware\\ThrottleRequests.php(159): Illuminate\\Pipeline\\Pipeline->{closure:{closure:Illuminate\\Pipeline\\Pipeline::carry():158}:159}()
#32 C:\\Users\\pasic\\Documents\\Pathfinder_Coding\\Pathfinder-Development\\backend\\vendor\\laravel\\framework\\src\\Illuminate\\Routing\\Middleware\\ThrottleRequests.php(125): Illuminate\\Routing\\Middleware\\ThrottleRequests->handleRequest()
#33 C:\\Users\\pasic\\Documents\\Pathfinder_Coding\\Pathfinder-Development\\backend\\vendor\\laravel\\framework\\src\\Illuminate\\Routing\\Middleware\\ThrottleRequests.php(87): Illuminate\\Routing\\Middleware\\ThrottleRequests->handleRequestUsingNamedLimiter()
#34 C:\\Users\\pasic\\Documents\\Pathfinder_Coding\\Pathfinder-Development\\backend\\vendor\\laravel\\framework\\src\\Illuminate\\Pipeline\\Pipeline.php(183): Illuminate\\Routing\\Middleware\\ThrottleRequests->handle()
#35 C:\\Users\\pasic\\Documents\\Pathfinder_Coding\\Pathfinder-Development\\backend\\vendor\\laravel\\framework\\src\\Illuminate\\Pipeline\\Pipeline.php(119): Illuminate\\Pipeline\\Pipeline->{closure:{closure:Illuminate\\Pipeline\\Pipeline::carry():158}:159}()
#36 C:\\Users\\pasic\\Documents\\Pathfinder_Coding\\Pathfinder-Development\\backend\\vendor\\laravel\\framework\\src\\Illuminate\\Routing\\Router.php(805): Illuminate\\Pipeline\\Pipeline->then()
#37 C:\\Users\\pasic\\Documents\\Pathfinder_Coding\\Pathfinder-Development\\backend\\vendor\\laravel\\framework\\src\\Illuminate\\Routing\\Router.php(784): Illuminate\\Routing\\Router->runRouteWithinStack()
#38 C:\\Users\\pasic\\Documents\\Pathfinder_Coding\\Pathfinder-Development\\backend\\vendor\\laravel\\framework\\src\\Illuminate\\Routing\\Router.php(748): Illuminate\\Routing\\Router->runRoute()
#39 C:\\Users\\pasic\\Documents\\Pathfinder_Coding\\Pathfinder-Development\\backend\\vendor\\laravel\\framework\\src\\Illuminate\\Routing\\Router.php(737): Illuminate\\Routing\\Router->dispatchToRoute()
#40 C:\\Users\\pasic\\Documents\\Pathfinder_Coding\\Pathfinder-Development\\backend\\vendor\\laravel\\framework\\src\\Illuminate\\Foundation\\Http\\Kernel.php(200): Illuminate\\Routing\\Router->dispatch()
#41 C:\\Users\\pasic\\Documents\\Pathfinder_Coding\\Pathfinder-Development\\backend\\vendor\\laravel\\framework\\src\\Illuminate\\Pipeline\\Pipeline.php(144): Illuminate\\Foundation\\Http\\Kernel->{closure:Illuminate\\Foundation\\Http\\Kernel::dispatchToRouter():197}()
#42 C:\\Users\\pasic\\Documents\\Pathfinder_Coding\\Pathfinder-Development\\backend\\vendor\\laravel\\framework\\src\\Illuminate\\Foundation\\Http\\Middleware\\TransformsRequest.php(21): Illuminate\\Pipeline\\Pipeline->{closure:Illuminate\\Pipeline\\Pipeline::prepareDestination():142}()
#43 C:\\Users\\pasic\\Documents\\Pathfinder_Coding\\Pathfinder-Development\\backend\\vendor\\laravel\\framework\\src\\Illuminate\\Foundation\\Http\\Middleware\\ConvertEmptyStringsToNull.php(31): Illuminate\\Foundation\\Http\\Middleware\\TransformsRequest->handle()
#44 C:\\Users\\pasic\\Documents\\Pathfinder_Coding\\Pathfinder-Development\\backend\\vendor\\laravel\\framework\\src\\Illuminate\\Pipeline\\Pipeline.php(183): Illuminate\\Foundation\\Http\\Middleware\\ConvertEmptyStringsToNull->handle()
#45 C:\\Users\\pasic\\Documents\\Pathfinder_Coding\\Pathfinder-Development\\backend\\vendor\\laravel\\framework\\src\\Illuminate\\Foundation\\Http\\Middleware\\TransformsRequest.php(21): Illuminate\\Pipeline\\Pipeline->{closure:{closure:Illuminate\\Pipeline\\Pipeline::carry():158}:159}()
#46 C:\\Users\\pasic\\Documents\\Pathfinder_Coding\\Pathfinder-Development\\backend\\vendor\\laravel\\framework\\src\\Illuminate\\Foundation\\Http\\Middleware\\TrimStrings.php(40): Illuminate\\Foundation\\Http\\Middleware\\TransformsRequest->handle()
#47 C:\\Users\\pasic\\Documents\\Pathfinder_Coding\\Pathfinder-Development\\backend\\vendor\\laravel\\framework\\src\\Illuminate\\Pipeline\\Pipeline.php(183): Illuminate\\Foundation\\Http\\Middleware\\TrimStrings->handle()
#48 C:\\Users\\pasic\\Documents\\Pathfinder_Coding\\Pathfinder-Development\\backend\\vendor\\laravel\\framework\\src\\Illuminate\\Foundation\\Http\\Middleware\\ValidatePostSize.php(27): Illuminate\\Pipeline\\Pipeline->{closure:{closure:Illuminate\\Pipeline\\Pipeline::carry():158}:159}()
#49 C:\\Users\\pasic\\Documents\\Pathfinder_Coding\\Pathfinder-Development\\backend\\vendor\\laravel\\framework\\src\\Illuminate\\Pipeline\\Pipeline.php(183): Illuminate\\Foundation\\Http\\Middleware\\ValidatePostSize->handle()
#50 C:\\Users\\pasic\\Documents\\Pathfinder_Coding\\Pathfinder-Development\\backend\\vendor\\laravel\\framework\\src\\Illuminate\\Foundation\\Http\\Middleware\\PreventRequestsDuringMaintenance.php(99): Illuminate\\Pipeline\\Pipeline->{closure:{closure:Illuminate\\Pipeline\\Pipeline::carry():158}:159}()
#51 C:\\Users\\pasic\\Documents\\Pathfinder_Coding\\Pathfinder-Development\\backend\\vendor\\laravel\\framework\\src\\Illuminate\\Pipeline\\Pipeline.php(183): Illuminate\\Foundation\\Http\\Middleware\\PreventRequestsDuringMaintenance->handle()
#52 C:\\Users\\pasic\\Documents\\Pathfinder_Coding\\Pathfinder-Development\\backend\\vendor\\laravel\\framework\\src\\Illuminate\\Http\\Middleware\\HandleCors.php(62): Illuminate\\Pipeline\\Pipeline->{closure:{closure:Illuminate\\Pipeline\\Pipeline::carry():158}:159}()
#53 C:\\Users\\pasic\\Documents\\Pathfinder_Coding\\Pathfinder-Development\\backend\\vendor\\laravel\\framework\\src\\Illuminate\\Pipeline\\Pipeline.php(183): Illuminate\\Http\\Middleware\\HandleCors->handle()
#54 C:\\Users\\pasic\\Documents\\Pathfinder_Coding\\Pathfinder-Development\\backend\\vendor\\laravel\\framework\\src\\Illuminate\\Http\\Middleware\\TrustProxies.php(39): Illuminate\\Pipeline\\Pipeline->{closure:{closure:Illuminate\\Pipeline\\Pipeline::carry():158}:159}()
#55 C:\\Users\\pasic\\Documents\\Pathfinder_Coding\\Pathfinder-Development\\backend\\vendor\\laravel\\framework\\src\\Illuminate\\Pipeline\\Pipeline.php(183): Illuminate\\Http\\Middleware\\TrustProxies->handle()
#56 C:\\Users\\pasic\\Documents\\Pathfinder_Coding\\Pathfinder-Development\\backend\\vendor\\laravel\\framework\\src\\Illuminate\\Pipeline\\Pipeline.php(119): Illuminate\\Pipeline\\Pipeline->{closure:{closure:Illuminate\\Pipeline\\Pipeline::carry():158}:159}()
#57 C:\\Users\\pasic\\Documents\\Pathfinder_Coding\\Pathfinder-Development\\backend\\vendor\\laravel\\framework\\src\\Illuminate\\Foundation\\Http\\Kernel.php(175): Illuminate\\Pipeline\\Pipeline->then()
#58 C:\\Users\\pasic\\Documents\\Pathfinder_Coding\\Pathfinder-Development\\backend\\vendor\\laravel\\framework\\src\\Illuminate\\Foundation\\Http\\Kernel.php(144): Illuminate\\Foundation\\Http\\Kernel->sendRequestThroughRouter()
#59 C:\\Users\\pasic\\Documents\\Pathfinder_Coding\\Pathfinder-Development\\backend\\public\\index.php(51): Illuminate\\Foundation\\Http\\Kernel->handle()
#60 C:\\Users\\pasic\\Documents\\Pathfinder_Coding\\Pathfinder-Development\\backend\\vendor\\laravel\\framework\\src\\Illuminate\\Foundation\\resources\\server.php(16): require_once('...')
#61 {main}
"} 
[2025-07-22 15:47:00] local.ERROR: could not find driver (Connection: mysql, SQL: select count(*) as aggregate from `Applicant` where `emailAddress` = abc123@gmail.com) {"exception":"[object] (Illuminate\\Database\\QueryException(code: 0): could not find driver (Connection: mysql, SQL: select count(*) as aggregate from `Applicant` where `emailAddress` = abc123@gmail.com) at C:\\Users\\pasic\\Documents\\Pathfinder_Coding\\Pathfinder-Development\\backend\\vendor\\laravel\\framework\\src\\Illuminate\\Database\\Connection.php:829)
[stacktrace]
#0 C:\\Users\\pasic\\Documents\\Pathfinder_Coding\\Pathfinder-Development\\backend\\vendor\\laravel\\framework\\src\\Illuminate\\Database\\Connection.php(783): Illuminate\\Database\\Connection->runQueryCallback()
#1 C:\\Users\\pasic\\Documents\\Pathfinder_Coding\\Pathfinder-Development\\backend\\vendor\\laravel\\framework\\src\\Illuminate\\Database\\Connection.php(414): Illuminate\\Database\\Connection->run()
#2 C:\\Users\\pasic\\Documents\\Pathfinder_Coding\\Pathfinder-Development\\backend\\vendor\\laravel\\framework\\src\\Illuminate\\Database\\Query\\Builder.php(2913): Illuminate\\Database\\Connection->select()
#3 C:\\Users\\pasic\\Documents\\Pathfinder_Coding\\Pathfinder-Development\\backend\\vendor\\laravel\\framework\\src\\Illuminate\\Database\\Query\\Builder.php(2902): Illuminate\\Database\\Query\\Builder->runSelect()
#4 C:\\Users\\pasic\\Documents\\Pathfinder_Coding\\Pathfinder-Development\\backend\\vendor\\laravel\\framework\\src\\Illuminate\\Database\\Query\\Builder.php(3456): Illuminate\\Database\\Query\\Builder->{closure:Illuminate\\Database\\Query\\Builder::get():2901}()
#5 C:\\Users\\pasic\\Documents\\Pathfinder_Coding\\Pathfinder-Development\\backend\\vendor\\laravel\\framework\\src\\Illuminate\\Database\\Query\\Builder.php(2901): Illuminate\\Database\\Query\\Builder->onceWithColumns()
#6 C:\\Users\\pasic\\Documents\\Pathfinder_Coding\\Pathfinder-Development\\backend\\vendor\\laravel\\framework\\src\\Illuminate\\Database\\Query\\Builder.php(3383): Illuminate\\Database\\Query\\Builder->get()
#7 C:\\Users\\pasic\\Documents\\Pathfinder_Coding\\Pathfinder-Development\\backend\\vendor\\laravel\\framework\\src\\Illuminate\\Database\\Query\\Builder.php(3311): Illuminate\\Database\\Query\\Builder->aggregate()
#8 C:\\Users\\pasic\\Documents\\Pathfinder_Coding\\Pathfinder-Development\\backend\\vendor\\laravel\\framework\\src\\Illuminate\\Validation\\DatabasePresenceVerifier.php(54): Illuminate\\Database\\Query\\Builder->count()
#9 C:\\Users\\pasic\\Documents\\Pathfinder_Coding\\Pathfinder-Development\\backend\\vendor\\laravel\\framework\\src\\Illuminate\\Validation\\Concerns\\ValidatesAttributes.php(948): Illuminate\\Validation\\DatabasePresenceVerifier->getCount()
#10 C:\\Users\\pasic\\Documents\\Pathfinder_Coding\\Pathfinder-Development\\backend\\vendor\\laravel\\framework\\src\\Illuminate\\Validation\\Validator.php(660): Illuminate\\Validation\\Validator->validateUnique()
#11 C:\\Users\\pasic\\Documents\\Pathfinder_Coding\\Pathfinder-Development\\backend\\vendor\\laravel\\framework\\src\\Illuminate\\Validation\\Validator.php(459): Illuminate\\Validation\\Validator->validateAttribute()
#12 C:\\Users\\pasic\\Documents\\Pathfinder_Coding\\Pathfinder-Development\\backend\\vendor\\laravel\\framework\\src\\Illuminate\\Validation\\Validator.php(494): Illuminate\\Validation\\Validator->passes()
#13 C:\\Users\\pasic\\Documents\\Pathfinder_Coding\\Pathfinder-Development\\backend\\app\\Http\\Controllers\\ApplicantController.php(24): Illuminate\\Validation\\Validator->fails()
#14 C:\\Users\\pasic\\Documents\\Pathfinder_Coding\\Pathfinder-Development\\backend\\vendor\\laravel\\framework\\src\\Illuminate\\Routing\\Controller.php(54): App\\Http\\Controllers\\ApplicantController->store()
#15 C:\\Users\\pasic\\Documents\\Pathfinder_Coding\\Pathfinder-Development\\backend\\vendor\\laravel\\framework\\src\\Illuminate\\Routing\\ControllerDispatcher.php(43): Illuminate\\Routing\\Controller->callAction()
#16 C:\\Users\\pasic\\Documents\\Pathfinder_Coding\\Pathfinder-Development\\backend\\vendor\\laravel\\framework\\src\\Illuminate\\Routing\\Route.php(259): Illuminate\\Routing\\ControllerDispatcher->dispatch()
#17 C:\\Users\\pasic\\Documents\\Pathfinder_Coding\\Pathfinder-Development\\backend\\vendor\\laravel\\framework\\src\\Illuminate\\Routing\\Route.php(205): Illuminate\\Routing\\Route->runController()
#18 C:\\Users\\pasic\\Documents\\Pathfinder_Coding\\Pathfinder-Development\\backend\\vendor\\laravel\\framework\\src\\Illuminate\\Routing\\Router.php(806): Illuminate\\Routing\\Route->run()
#19 C:\\Users\\pasic\\Documents\\Pathfinder_Coding\\Pathfinder-Development\\backend\\vendor\\laravel\\framework\\src\\Illuminate\\Pipeline\\Pipeline.php(144): Illuminate\\Routing\\Router->{closure:Illuminate\\Routing\\Router::runRouteWithinStack():805}()
#20 C:\\Users\\pasic\\Documents\\Pathfinder_Coding\\Pathfinder-Development\\backend\\vendor\\laravel\\framework\\src\\Illuminate\\Routing\\Middleware\\SubstituteBindings.php(50): Illuminate\\Pipeline\\Pipeline->{closure:Illuminate\\Pipeline\\Pipeline::prepareDestination():142}()
#21 C:\\Users\\pasic\\Documents\\Pathfinder_Coding\\Pathfinder-Development\\backend\\vendor\\laravel\\framework\\src\\Illuminate\\Pipeline\\Pipeline.php(183): Illuminate\\Routing\\Middleware\\SubstituteBindings->handle()
#22 C:\\Users\\pasic\\Documents\\Pathfinder_Coding\\Pathfinder-Development\\backend\\vendor\\laravel\\framework\\src\\Illuminate\\Routing\\Middleware\\ThrottleRequests.php(159): Illuminate\\Pipeline\\Pipeline->{closure:{closure:Illuminate\\Pipeline\\Pipeline::carry():158}:159}()
#23 C:\\Users\\pasic\\Documents\\Pathfinder_Coding\\Pathfinder-Development\\backend\\vendor\\laravel\\framework\\src\\Illuminate\\Routing\\Middleware\\ThrottleRequests.php(125): Illuminate\\Routing\\Middleware\\ThrottleRequests->handleRequest()
#24 C:\\Users\\pasic\\Documents\\Pathfinder_Coding\\Pathfinder-Development\\backend\\vendor\\laravel\\framework\\src\\Illuminate\\Routing\\Middleware\\ThrottleRequests.php(87): Illuminate\\Routing\\Middleware\\ThrottleRequests->handleRequestUsingNamedLimiter()
#25 C:\\Users\\pasic\\Documents\\Pathfinder_Coding\\Pathfinder-Development\\backend\\vendor\\laravel\\framework\\src\\Illuminate\\Pipeline\\Pipeline.php(183): Illuminate\\Routing\\Middleware\\ThrottleRequests->handle()
#26 C:\\Users\\pasic\\Documents\\Pathfinder_Coding\\Pathfinder-Development\\backend\\vendor\\laravel\\framework\\src\\Illuminate\\Pipeline\\Pipeline.php(119): Illuminate\\Pipeline\\Pipeline->{closure:{closure:Illuminate\\Pipeline\\Pipeline::carry():158}:159}()
#27 C:\\Users\\pasic\\Documents\\Pathfinder_Coding\\Pathfinder-Development\\backend\\vendor\\laravel\\framework\\src\\Illuminate\\Routing\\Router.php(805): Illuminate\\Pipeline\\Pipeline->then()
#28 C:\\Users\\pasic\\Documents\\Pathfinder_Coding\\Pathfinder-Development\\backend\\vendor\\laravel\\framework\\src\\Illuminate\\Routing\\Router.php(784): Illuminate\\Routing\\Router->runRouteWithinStack()
#29 C:\\Users\\pasic\\Documents\\Pathfinder_Coding\\Pathfinder-Development\\backend\\vendor\\laravel\\framework\\src\\Illuminate\\Routing\\Router.php(748): Illuminate\\Routing\\Router->runRoute()
#30 C:\\Users\\pasic\\Documents\\Pathfinder_Coding\\Pathfinder-Development\\backend\\vendor\\laravel\\framework\\src\\Illuminate\\Routing\\Router.php(737): Illuminate\\Routing\\Router->dispatchToRoute()
#31 C:\\Users\\pasic\\Documents\\Pathfinder_Coding\\Pathfinder-Development\\backend\\vendor\\laravel\\framework\\src\\Illuminate\\Foundation\\Http\\Kernel.php(200): Illuminate\\Routing\\Router->dispatch()
#32 C:\\Users\\pasic\\Documents\\Pathfinder_Coding\\Pathfinder-Development\\backend\\vendor\\laravel\\framework\\src\\Illuminate\\Pipeline\\Pipeline.php(144): Illuminate\\Foundation\\Http\\Kernel->{closure:Illuminate\\Foundation\\Http\\Kernel::dispatchToRouter():197}()
#33 C:\\Users\\pasic\\Documents\\Pathfinder_Coding\\Pathfinder-Development\\backend\\vendor\\laravel\\framework\\src\\Illuminate\\Foundation\\Http\\Middleware\\TransformsRequest.php(21): Illuminate\\Pipeline\\Pipeline->{closure:Illuminate\\Pipeline\\Pipeline::prepareDestination():142}()
#34 C:\\Users\\pasic\\Documents\\Pathfinder_Coding\\Pathfinder-Development\\backend\\vendor\\laravel\\framework\\src\\Illuminate\\Foundation\\Http\\Middleware\\ConvertEmptyStringsToNull.php(31): Illuminate\\Foundation\\Http\\Middleware\\TransformsRequest->handle()
#35 C:\\Users\\pasic\\Documents\\Pathfinder_Coding\\Pathfinder-Development\\backend\\vendor\\laravel\\framework\\src\\Illuminate\\Pipeline\\Pipeline.php(183): Illuminate\\Foundation\\Http\\Middleware\\ConvertEmptyStringsToNull->handle()
#36 C:\\Users\\pasic\\Documents\\Pathfinder_Coding\\Pathfinder-Development\\backend\\vendor\\laravel\\framework\\src\\Illuminate\\Foundation\\Http\\Middleware\\TransformsRequest.php(21): Illuminate\\Pipeline\\Pipeline->{closure:{closure:Illuminate\\Pipeline\\Pipeline::carry():158}:159}()
#37 C:\\Users\\pasic\\Documents\\Pathfinder_Coding\\Pathfinder-Development\\backend\\vendor\\laravel\\framework\\src\\Illuminate\\Foundation\\Http\\Middleware\\TrimStrings.php(40): Illuminate\\Foundation\\Http\\Middleware\\TransformsRequest->handle()
#38 C:\\Users\\pasic\\Documents\\Pathfinder_Coding\\Pathfinder-Development\\backend\\vendor\\laravel\\framework\\src\\Illuminate\\Pipeline\\Pipeline.php(183): Illuminate\\Foundation\\Http\\Middleware\\TrimStrings->handle()
#39 C:\\Users\\pasic\\Documents\\Pathfinder_Coding\\Pathfinder-Development\\backend\\vendor\\laravel\\framework\\src\\Illuminate\\Foundation\\Http\\Middleware\\ValidatePostSize.php(27): Illuminate\\Pipeline\\Pipeline->{closure:{closure:Illuminate\\Pipeline\\Pipeline::carry():158}:159}()
#40 C:\\Users\\pasic\\Documents\\Pathfinder_Coding\\Pathfinder-Development\\backend\\vendor\\laravel\\framework\\src\\Illuminate\\Pipeline\\Pipeline.php(183): Illuminate\\Foundation\\Http\\Middleware\\ValidatePostSize->handle()
#41 C:\\Users\\pasic\\Documents\\Pathfinder_Coding\\Pathfinder-Development\\backend\\vendor\\laravel\\framework\\src\\Illuminate\\Foundation\\Http\\Middleware\\PreventRequestsDuringMaintenance.php(99): Illuminate\\Pipeline\\Pipeline->{closure:{closure:Illuminate\\Pipeline\\Pipeline::carry():158}:159}()
#42 C:\\Users\\pasic\\Documents\\Pathfinder_Coding\\Pathfinder-Development\\backend\\vendor\\laravel\\framework\\src\\Illuminate\\Pipeline\\Pipeline.php(183): Illuminate\\Foundation\\Http\\Middleware\\PreventRequestsDuringMaintenance->handle()
#43 C:\\Users\\pasic\\Documents\\Pathfinder_Coding\\Pathfinder-Development\\backend\\vendor\\laravel\\framework\\src\\Illuminate\\Http\\Middleware\\HandleCors.php(62): Illuminate\\Pipeline\\Pipeline->{closure:{closure:Illuminate\\Pipeline\\Pipeline::carry():158}:159}()
#44 C:\\Users\\pasic\\Documents\\Pathfinder_Coding\\Pathfinder-Development\\backend\\vendor\\laravel\\framework\\src\\Illuminate\\Pipeline\\Pipeline.php(183): Illuminate\\Http\\Middleware\\HandleCors->handle()
#45 C:\\Users\\pasic\\Documents\\Pathfinder_Coding\\Pathfinder-Development\\backend\\vendor\\laravel\\framework\\src\\Illuminate\\Http\\Middleware\\TrustProxies.php(39): Illuminate\\Pipeline\\Pipeline->{closure:{closure:Illuminate\\Pipeline\\Pipeline::carry():158}:159}()
#46 C:\\Users\\pasic\\Documents\\Pathfinder_Coding\\Pathfinder-Development\\backend\\vendor\\laravel\\framework\\src\\Illuminate\\Pipeline\\Pipeline.php(183): Illuminate\\Http\\Middleware\\TrustProxies->handle()
#47 C:\\Users\\pasic\\Documents\\Pathfinder_Coding\\Pathfinder-Development\\backend\\vendor\\laravel\\framework\\src\\Illuminate\\Pipeline\\Pipeline.php(119): Illuminate\\Pipeline\\Pipeline->{closure:{closure:Illuminate\\Pipeline\\Pipeline::carry():158}:159}()
#48 C:\\Users\\pasic\\Documents\\Pathfinder_Coding\\Pathfinder-Development\\backend\\vendor\\laravel\\framework\\src\\Illuminate\\Foundation\\Http\\Kernel.php(175): Illuminate\\Pipeline\\Pipeline->then()
#49 C:\\Users\\pasic\\Documents\\Pathfinder_Coding\\Pathfinder-Development\\backend\\vendor\\laravel\\framework\\src\\Illuminate\\Foundation\\Http\\Kernel.php(144): Illuminate\\Foundation\\Http\\Kernel->sendRequestThroughRouter()
#50 C:\\Users\\pasic\\Documents\\Pathfinder_Coding\\Pathfinder-Development\\backend\\public\\index.php(51): Illuminate\\Foundation\\Http\\Kernel->handle()
#51 C:\\Users\\pasic\\Documents\\Pathfinder_Coding\\Pathfinder-Development\\backend\\vendor\\laravel\\framework\\src\\Illuminate\\Foundation\\resources\\server.php(16): require_once('...')
#52 {main}

[previous exception] [object] (PDOException(code: 0): could not find driver at C:\\Users\\pasic\\Documents\\Pathfinder_Coding\\Pathfinder-Development\\backend\\vendor\\laravel\\framework\\src\\Illuminate\\Database\\Connectors\\Connector.php:65)
[stacktrace]
#0 C:\\Users\\pasic\\Documents\\Pathfinder_Coding\\Pathfinder-Development\\backend\\vendor\\laravel\\framework\\src\\Illuminate\\Database\\Connectors\\Connector.php(65): PDO->__construct()
#1 C:\\Users\\pasic\\Documents\\Pathfinder_Coding\\Pathfinder-Development\\backend\\vendor\\laravel\\framework\\src\\Illuminate\\Database\\Connectors\\Connector.php(44): Illuminate\\Database\\Connectors\\Connector->createPdoConnection()
#2 C:\\Users\\pasic\\Documents\\Pathfinder_Coding\\Pathfinder-Development\\backend\\vendor\\laravel\\framework\\src\\Illuminate\\Database\\Connectors\\MySqlConnector.php(24): Illuminate\\Database\\Connectors\\Connector->createConnection()
#3 C:\\Users\\pasic\\Documents\\Pathfinder_Coding\\Pathfinder-Development\\backend\\vendor\\laravel\\framework\\src\\Illuminate\\Database\\Connectors\\ConnectionFactory.php(184): Illuminate\\Database\\Connectors\\MySqlConnector->connect()
#4 [internal function]: Illuminate\\Database\\Connectors\\ConnectionFactory->{closure:Illuminate\\Database\\Connectors\\ConnectionFactory::createPdoResolverWithHosts():179}()
#5 C:\\Users\\pasic\\Documents\\Pathfinder_Coding\\Pathfinder-Development\\backend\\vendor\\laravel\\framework\\src\\Illuminate\\Database\\Connection.php(1339): call_user_func()
#6 C:\\Users\\pasic\\Documents\\Pathfinder_Coding\\Pathfinder-Development\\backend\\vendor\\laravel\\framework\\src\\Illuminate\\Database\\Connection.php(528): Illuminate\\Database\\Connection->getPdo()
#7 C:\\Users\\pasic\\Documents\\Pathfinder_Coding\\Pathfinder-Development\\backend\\vendor\\laravel\\framework\\src\\Illuminate\\Database\\Connection.php(423): Illuminate\\Database\\Connection->getPdoForSelect()
#8 C:\\Users\\pasic\\Documents\\Pathfinder_Coding\\Pathfinder-Development\\backend\\vendor\\laravel\\framework\\src\\Illuminate\\Database\\Connection.php(816): Illuminate\\Database\\Connection->{closure:Illuminate\\Database\\Connection::select():414}()
#9 C:\\Users\\pasic\\Documents\\Pathfinder_Coding\\Pathfinder-Development\\backend\\vendor\\laravel\\framework\\src\\Illuminate\\Database\\Connection.php(783): Illuminate\\Database\\Connection->runQueryCallback()
#10 C:\\Users\\pasic\\Documents\\Pathfinder_Coding\\Pathfinder-Development\\backend\\vendor\\laravel\\framework\\src\\Illuminate\\Database\\Connection.php(414): Illuminate\\Database\\Connection->run()
#11 C:\\Users\\pasic\\Documents\\Pathfinder_Coding\\Pathfinder-Development\\backend\\vendor\\laravel\\framework\\src\\Illuminate\\Database\\Query\\Builder.php(2913): Illuminate\\Database\\Connection->select()
#12 C:\\Users\\pasic\\Documents\\Pathfinder_Coding\\Pathfinder-Development\\backend\\vendor\\laravel\\framework\\src\\Illuminate\\Database\\Query\\Builder.php(2902): Illuminate\\Database\\Query\\Builder->runSelect()
#13 C:\\Users\\pasic\\Documents\\Pathfinder_Coding\\Pathfinder-Development\\backend\\vendor\\laravel\\framework\\src\\Illuminate\\Database\\Query\\Builder.php(3456): Illuminate\\Database\\Query\\Builder->{closure:Illuminate\\Database\\Query\\Builder::get():2901}()
#14 C:\\Users\\pasic\\Documents\\Pathfinder_Coding\\Pathfinder-Development\\backend\\vendor\\laravel\\framework\\src\\Illuminate\\Database\\Query\\Builder.php(2901): Illuminate\\Database\\Query\\Builder->onceWithColumns()
#15 C:\\Users\\pasic\\Documents\\Pathfinder_Coding\\Pathfinder-Development\\backend\\vendor\\laravel\\framework\\src\\Illuminate\\Database\\Query\\Builder.php(3383): Illuminate\\Database\\Query\\Builder->get()
#16 C:\\Users\\pasic\\Documents\\Pathfinder_Coding\\Pathfinder-Development\\backend\\vendor\\laravel\\framework\\src\\Illuminate\\Database\\Query\\Builder.php(3311): Illuminate\\Database\\Query\\Builder->aggregate()
#17 C:\\Users\\pasic\\Documents\\Pathfinder_Coding\\Pathfinder-Development\\backend\\vendor\\laravel\\framework\\src\\Illuminate\\Validation\\DatabasePresenceVerifier.php(54): Illuminate\\Database\\Query\\Builder->count()
#18 C:\\Users\\pasic\\Documents\\Pathfinder_Coding\\Pathfinder-Development\\backend\\vendor\\laravel\\framework\\src\\Illuminate\\Validation\\Concerns\\ValidatesAttributes.php(948): Illuminate\\Validation\\DatabasePresenceVerifier->getCount()
#19 C:\\Users\\pasic\\Documents\\Pathfinder_Coding\\Pathfinder-Development\\backend\\vendor\\laravel\\framework\\src\\Illuminate\\Validation\\Validator.php(660): Illuminate\\Validation\\Validator->validateUnique()
#20 C:\\Users\\pasic\\Documents\\Pathfinder_Coding\\Pathfinder-Development\\backend\\vendor\\laravel\\framework\\src\\Illuminate\\Validation\\Validator.php(459): Illuminate\\Validation\\Validator->validateAttribute()
#21 C:\\Users\\pasic\\Documents\\Pathfinder_Coding\\Pathfinder-Development\\backend\\vendor\\laravel\\framework\\src\\Illuminate\\Validation\\Validator.php(494): Illuminate\\Validation\\Validator->passes()
#22 C:\\Users\\pasic\\Documents\\Pathfinder_Coding\\Pathfinder-Development\\backend\\app\\Http\\Controllers\\ApplicantController.php(24): Illuminate\\Validation\\Validator->fails()
#23 C:\\Users\\pasic\\Documents\\Pathfinder_Coding\\Pathfinder-Development\\backend\\vendor\\laravel\\framework\\src\\Illuminate\\Routing\\Controller.php(54): App\\Http\\Controllers\\ApplicantController->store()
#24 C:\\Users\\pasic\\Documents\\Pathfinder_Coding\\Pathfinder-Development\\backend\\vendor\\laravel\\framework\\src\\Illuminate\\Routing\\ControllerDispatcher.php(43): Illuminate\\Routing\\Controller->callAction()
#25 C:\\Users\\pasic\\Documents\\Pathfinder_Coding\\Pathfinder-Development\\backend\\vendor\\laravel\\framework\\src\\Illuminate\\Routing\\Route.php(259): Illuminate\\Routing\\ControllerDispatcher->dispatch()
#26 C:\\Users\\pasic\\Documents\\Pathfinder_Coding\\Pathfinder-Development\\backend\\vendor\\laravel\\framework\\src\\Illuminate\\Routing\\Route.php(205): Illuminate\\Routing\\Route->runController()
#27 C:\\Users\\pasic\\Documents\\Pathfinder_Coding\\Pathfinder-Development\\backend\\vendor\\laravel\\framework\\src\\Illuminate\\Routing\\Router.php(806): Illuminate\\Routing\\Route->run()
#28 C:\\Users\\pasic\\Documents\\Pathfinder_Coding\\Pathfinder-Development\\backend\\vendor\\laravel\\framework\\src\\Illuminate\\Pipeline\\Pipeline.php(144): Illuminate\\Routing\\Router->{closure:Illuminate\\Routing\\Router::runRouteWithinStack():805}()
#29 C:\\Users\\pasic\\Documents\\Pathfinder_Coding\\Pathfinder-Development\\backend\\vendor\\laravel\\framework\\src\\Illuminate\\Routing\\Middleware\\SubstituteBindings.php(50): Illuminate\\Pipeline\\Pipeline->{closure:Illuminate\\Pipeline\\Pipeline::prepareDestination():142}()
#30 C:\\Users\\pasic\\Documents\\Pathfinder_Coding\\Pathfinder-Development\\backend\\vendor\\laravel\\framework\\src\\Illuminate\\Pipeline\\Pipeline.php(183): Illuminate\\Routing\\Middleware\\SubstituteBindings->handle()
#31 C:\\Users\\pasic\\Documents\\Pathfinder_Coding\\Pathfinder-Development\\backend\\vendor\\laravel\\framework\\src\\Illuminate\\Routing\\Middleware\\ThrottleRequests.php(159): Illuminate\\Pipeline\\Pipeline->{closure:{closure:Illuminate\\Pipeline\\Pipeline::carry():158}:159}()
#32 C:\\Users\\pasic\\Documents\\Pathfinder_Coding\\Pathfinder-Development\\backend\\vendor\\laravel\\framework\\src\\Illuminate\\Routing\\Middleware\\ThrottleRequests.php(125): Illuminate\\Routing\\Middleware\\ThrottleRequests->handleRequest()
#33 C:\\Users\\pasic\\Documents\\Pathfinder_Coding\\Pathfinder-Development\\backend\\vendor\\laravel\\framework\\src\\Illuminate\\Routing\\Middleware\\ThrottleRequests.php(87): Illuminate\\Routing\\Middleware\\ThrottleRequests->handleRequestUsingNamedLimiter()
#34 C:\\Users\\pasic\\Documents\\Pathfinder_Coding\\Pathfinder-Development\\backend\\vendor\\laravel\\framework\\src\\Illuminate\\Pipeline\\Pipeline.php(183): Illuminate\\Routing\\Middleware\\ThrottleRequests->handle()
#35 C:\\Users\\pasic\\Documents\\Pathfinder_Coding\\Pathfinder-Development\\backend\\vendor\\laravel\\framework\\src\\Illuminate\\Pipeline\\Pipeline.php(119): Illuminate\\Pipeline\\Pipeline->{closure:{closure:Illuminate\\Pipeline\\Pipeline::carry():158}:159}()
#36 C:\\Users\\pasic\\Documents\\Pathfinder_Coding\\Pathfinder-Development\\backend\\vendor\\laravel\\framework\\src\\Illuminate\\Routing\\Router.php(805): Illuminate\\Pipeline\\Pipeline->then()
#37 C:\\Users\\pasic\\Documents\\Pathfinder_Coding\\Pathfinder-Development\\backend\\vendor\\laravel\\framework\\src\\Illuminate\\Routing\\Router.php(784): Illuminate\\Routing\\Router->runRouteWithinStack()
#38 C:\\Users\\pasic\\Documents\\Pathfinder_Coding\\Pathfinder-Development\\backend\\vendor\\laravel\\framework\\src\\Illuminate\\Routing\\Router.php(748): Illuminate\\Routing\\Router->runRoute()
#39 C:\\Users\\pasic\\Documents\\Pathfinder_Coding\\Pathfinder-Development\\backend\\vendor\\laravel\\framework\\src\\Illuminate\\Routing\\Router.php(737): Illuminate\\Routing\\Router->dispatchToRoute()
#40 C:\\Users\\pasic\\Documents\\Pathfinder_Coding\\Pathfinder-Development\\backend\\vendor\\laravel\\framework\\src\\Illuminate\\Foundation\\Http\\Kernel.php(200): Illuminate\\Routing\\Router->dispatch()
#41 C:\\Users\\pasic\\Documents\\Pathfinder_Coding\\Pathfinder-Development\\backend\\vendor\\laravel\\framework\\src\\Illuminate\\Pipeline\\Pipeline.php(144): Illuminate\\Foundation\\Http\\Kernel->{closure:Illuminate\\Foundation\\Http\\Kernel::dispatchToRouter():197}()
#42 C:\\Users\\pasic\\Documents\\Pathfinder_Coding\\Pathfinder-Development\\backend\\vendor\\laravel\\framework\\src\\Illuminate\\Foundation\\Http\\Middleware\\TransformsRequest.php(21): Illuminate\\Pipeline\\Pipeline->{closure:Illuminate\\Pipeline\\Pipeline::prepareDestination():142}()
#43 C:\\Users\\pasic\\Documents\\Pathfinder_Coding\\Pathfinder-Development\\backend\\vendor\\laravel\\framework\\src\\Illuminate\\Foundation\\Http\\Middleware\\ConvertEmptyStringsToNull.php(31): Illuminate\\Foundation\\Http\\Middleware\\TransformsRequest->handle()
#44 C:\\Users\\pasic\\Documents\\Pathfinder_Coding\\Pathfinder-Development\\backend\\vendor\\laravel\\framework\\src\\Illuminate\\Pipeline\\Pipeline.php(183): Illuminate\\Foundation\\Http\\Middleware\\ConvertEmptyStringsToNull->handle()
#45 C:\\Users\\pasic\\Documents\\Pathfinder_Coding\\Pathfinder-Development\\backend\\vendor\\laravel\\framework\\src\\Illuminate\\Foundation\\Http\\Middleware\\TransformsRequest.php(21): Illuminate\\Pipeline\\Pipeline->{closure:{closure:Illuminate\\Pipeline\\Pipeline::carry():158}:159}()
#46 C:\\Users\\pasic\\Documents\\Pathfinder_Coding\\Pathfinder-Development\\backend\\vendor\\laravel\\framework\\src\\Illuminate\\Foundation\\Http\\Middleware\\TrimStrings.php(40): Illuminate\\Foundation\\Http\\Middleware\\TransformsRequest->handle()
#47 C:\\Users\\pasic\\Documents\\Pathfinder_Coding\\Pathfinder-Development\\backend\\vendor\\laravel\\framework\\src\\Illuminate\\Pipeline\\Pipeline.php(183): Illuminate\\Foundation\\Http\\Middleware\\TrimStrings->handle()
#48 C:\\Users\\pasic\\Documents\\Pathfinder_Coding\\Pathfinder-Development\\backend\\vendor\\laravel\\framework\\src\\Illuminate\\Foundation\\Http\\Middleware\\ValidatePostSize.php(27): Illuminate\\Pipeline\\Pipeline->{closure:{closure:Illuminate\\Pipeline\\Pipeline::carry():158}:159}()
#49 C:\\Users\\pasic\\Documents\\Pathfinder_Coding\\Pathfinder-Development\\backend\\vendor\\laravel\\framework\\src\\Illuminate\\Pipeline\\Pipeline.php(183): Illuminate\\Foundation\\Http\\Middleware\\ValidatePostSize->handle()
#50 C:\\Users\\pasic\\Documents\\Pathfinder_Coding\\Pathfinder-Development\\backend\\vendor\\laravel\\framework\\src\\Illuminate\\Foundation\\Http\\Middleware\\PreventRequestsDuringMaintenance.php(99): Illuminate\\Pipeline\\Pipeline->{closure:{closure:Illuminate\\Pipeline\\Pipeline::carry():158}:159}()
#51 C:\\Users\\pasic\\Documents\\Pathfinder_Coding\\Pathfinder-Development\\backend\\vendor\\laravel\\framework\\src\\Illuminate\\Pipeline\\Pipeline.php(183): Illuminate\\Foundation\\Http\\Middleware\\PreventRequestsDuringMaintenance->handle()
#52 C:\\Users\\pasic\\Documents\\Pathfinder_Coding\\Pathfinder-Development\\backend\\vendor\\laravel\\framework\\src\\Illuminate\\Http\\Middleware\\HandleCors.php(62): Illuminate\\Pipeline\\Pipeline->{closure:{closure:Illuminate\\Pipeline\\Pipeline::carry():158}:159}()
#53 C:\\Users\\pasic\\Documents\\Pathfinder_Coding\\Pathfinder-Development\\backend\\vendor\\laravel\\framework\\src\\Illuminate\\Pipeline\\Pipeline.php(183): Illuminate\\Http\\Middleware\\HandleCors->handle()
#54 C:\\Users\\pasic\\Documents\\Pathfinder_Coding\\Pathfinder-Development\\backend\\vendor\\laravel\\framework\\src\\Illuminate\\Http\\Middleware\\TrustProxies.php(39): Illuminate\\Pipeline\\Pipeline->{closure:{closure:Illuminate\\Pipeline\\Pipeline::carry():158}:159}()
#55 C:\\Users\\pasic\\Documents\\Pathfinder_Coding\\Pathfinder-Development\\backend\\vendor\\laravel\\framework\\src\\Illuminate\\Pipeline\\Pipeline.php(183): Illuminate\\Http\\Middleware\\TrustProxies->handle()
#56 C:\\Users\\pasic\\Documents\\Pathfinder_Coding\\Pathfinder-Development\\backend\\vendor\\laravel\\framework\\src\\Illuminate\\Pipeline\\Pipeline.php(119): Illuminate\\Pipeline\\Pipeline->{closure:{closure:Illuminate\\Pipeline\\Pipeline::carry():158}:159}()
#57 C:\\Users\\pasic\\Documents\\Pathfinder_Coding\\Pathfinder-Development\\backend\\vendor\\laravel\\framework\\src\\Illuminate\\Foundation\\Http\\Kernel.php(175): Illuminate\\Pipeline\\Pipeline->then()
#58 C:\\Users\\pasic\\Documents\\Pathfinder_Coding\\Pathfinder-Development\\backend\\vendor\\laravel\\framework\\src\\Illuminate\\Foundation\\Http\\Kernel.php(144): Illuminate\\Foundation\\Http\\Kernel->sendRequestThroughRouter()
#59 C:\\Users\\pasic\\Documents\\Pathfinder_Coding\\Pathfinder-Development\\backend\\public\\index.php(51): Illuminate\\Foundation\\Http\\Kernel->handle()
#60 C:\\Users\\pasic\\Documents\\Pathfinder_Coding\\Pathfinder-Development\\backend\\vendor\\laravel\\framework\\src\\Illuminate\\Foundation\\resources\\server.php(16): require_once('...')
#61 {main}
"} 
[2025-07-22 15:48:28] local.ERROR: could not find driver (Connection: mysql, SQL: select count(*) as aggregate from `Applicant` where `emailAddress` = abc123@gmail.com) {"exception":"[object] (Illuminate\\Database\\QueryException(code: 0): could not find driver (Connection: mysql, SQL: select count(*) as aggregate from `Applicant` where `emailAddress` = abc123@gmail.com) at C:\\Users\\pasic\\Documents\\Pathfinder_Coding\\Pathfinder-Development\\backend\\vendor\\laravel\\framework\\src\\Illuminate\\Database\\Connection.php:829)
[stacktrace]
#0 C:\\Users\\pasic\\Documents\\Pathfinder_Coding\\Pathfinder-Development\\backend\\vendor\\laravel\\framework\\src\\Illuminate\\Database\\Connection.php(783): Illuminate\\Database\\Connection->runQueryCallback()
#1 C:\\Users\\pasic\\Documents\\Pathfinder_Coding\\Pathfinder-Development\\backend\\vendor\\laravel\\framework\\src\\Illuminate\\Database\\Connection.php(414): Illuminate\\Database\\Connection->run()
#2 C:\\Users\\pasic\\Documents\\Pathfinder_Coding\\Pathfinder-Development\\backend\\vendor\\laravel\\framework\\src\\Illuminate\\Database\\Query\\Builder.php(2913): Illuminate\\Database\\Connection->select()
#3 C:\\Users\\pasic\\Documents\\Pathfinder_Coding\\Pathfinder-Development\\backend\\vendor\\laravel\\framework\\src\\Illuminate\\Database\\Query\\Builder.php(2902): Illuminate\\Database\\Query\\Builder->runSelect()
#4 C:\\Users\\pasic\\Documents\\Pathfinder_Coding\\Pathfinder-Development\\backend\\vendor\\laravel\\framework\\src\\Illuminate\\Database\\Query\\Builder.php(3456): Illuminate\\Database\\Query\\Builder->{closure:Illuminate\\Database\\Query\\Builder::get():2901}()
#5 C:\\Users\\pasic\\Documents\\Pathfinder_Coding\\Pathfinder-Development\\backend\\vendor\\laravel\\framework\\src\\Illuminate\\Database\\Query\\Builder.php(2901): Illuminate\\Database\\Query\\Builder->onceWithColumns()
#6 C:\\Users\\pasic\\Documents\\Pathfinder_Coding\\Pathfinder-Development\\backend\\vendor\\laravel\\framework\\src\\Illuminate\\Database\\Query\\Builder.php(3383): Illuminate\\Database\\Query\\Builder->get()
#7 C:\\Users\\pasic\\Documents\\Pathfinder_Coding\\Pathfinder-Development\\backend\\vendor\\laravel\\framework\\src\\Illuminate\\Database\\Query\\Builder.php(3311): Illuminate\\Database\\Query\\Builder->aggregate()
#8 C:\\Users\\pasic\\Documents\\Pathfinder_Coding\\Pathfinder-Development\\backend\\vendor\\laravel\\framework\\src\\Illuminate\\Validation\\DatabasePresenceVerifier.php(54): Illuminate\\Database\\Query\\Builder->count()
#9 C:\\Users\\pasic\\Documents\\Pathfinder_Coding\\Pathfinder-Development\\backend\\vendor\\laravel\\framework\\src\\Illuminate\\Validation\\Concerns\\ValidatesAttributes.php(948): Illuminate\\Validation\\DatabasePresenceVerifier->getCount()
#10 C:\\Users\\pasic\\Documents\\Pathfinder_Coding\\Pathfinder-Development\\backend\\vendor\\laravel\\framework\\src\\Illuminate\\Validation\\Validator.php(660): Illuminate\\Validation\\Validator->validateUnique()
#11 C:\\Users\\pasic\\Documents\\Pathfinder_Coding\\Pathfinder-Development\\backend\\vendor\\laravel\\framework\\src\\Illuminate\\Validation\\Validator.php(459): Illuminate\\Validation\\Validator->validateAttribute()
#12 C:\\Users\\pasic\\Documents\\Pathfinder_Coding\\Pathfinder-Development\\backend\\vendor\\laravel\\framework\\src\\Illuminate\\Validation\\Validator.php(494): Illuminate\\Validation\\Validator->passes()
#13 C:\\Users\\pasic\\Documents\\Pathfinder_Coding\\Pathfinder-Development\\backend\\app\\Http\\Controllers\\ApplicantController.php(24): Illuminate\\Validation\\Validator->fails()
#14 C:\\Users\\pasic\\Documents\\Pathfinder_Coding\\Pathfinder-Development\\backend\\vendor\\laravel\\framework\\src\\Illuminate\\Routing\\Controller.php(54): App\\Http\\Controllers\\ApplicantController->store()
#15 C:\\Users\\pasic\\Documents\\Pathfinder_Coding\\Pathfinder-Development\\backend\\vendor\\laravel\\framework\\src\\Illuminate\\Routing\\ControllerDispatcher.php(43): Illuminate\\Routing\\Controller->callAction()
#16 C:\\Users\\pasic\\Documents\\Pathfinder_Coding\\Pathfinder-Development\\backend\\vendor\\laravel\\framework\\src\\Illuminate\\Routing\\Route.php(259): Illuminate\\Routing\\ControllerDispatcher->dispatch()
#17 C:\\Users\\pasic\\Documents\\Pathfinder_Coding\\Pathfinder-Development\\backend\\vendor\\laravel\\framework\\src\\Illuminate\\Routing\\Route.php(205): Illuminate\\Routing\\Route->runController()
#18 C:\\Users\\pasic\\Documents\\Pathfinder_Coding\\Pathfinder-Development\\backend\\vendor\\laravel\\framework\\src\\Illuminate\\Routing\\Router.php(806): Illuminate\\Routing\\Route->run()
#19 C:\\Users\\pasic\\Documents\\Pathfinder_Coding\\Pathfinder-Development\\backend\\vendor\\laravel\\framework\\src\\Illuminate\\Pipeline\\Pipeline.php(144): Illuminate\\Routing\\Router->{closure:Illuminate\\Routing\\Router::runRouteWithinStack():805}()
#20 C:\\Users\\pasic\\Documents\\Pathfinder_Coding\\Pathfinder-Development\\backend\\vendor\\laravel\\framework\\src\\Illuminate\\Routing\\Middleware\\SubstituteBindings.php(50): Illuminate\\Pipeline\\Pipeline->{closure:Illuminate\\Pipeline\\Pipeline::prepareDestination():142}()
#21 C:\\Users\\pasic\\Documents\\Pathfinder_Coding\\Pathfinder-Development\\backend\\vendor\\laravel\\framework\\src\\Illuminate\\Pipeline\\Pipeline.php(183): Illuminate\\Routing\\Middleware\\SubstituteBindings->handle()
#22 C:\\Users\\pasic\\Documents\\Pathfinder_Coding\\Pathfinder-Development\\backend\\vendor\\laravel\\framework\\src\\Illuminate\\Routing\\Middleware\\ThrottleRequests.php(159): Illuminate\\Pipeline\\Pipeline->{closure:{closure:Illuminate\\Pipeline\\Pipeline::carry():158}:159}()
#23 C:\\Users\\pasic\\Documents\\Pathfinder_Coding\\Pathfinder-Development\\backend\\vendor\\laravel\\framework\\src\\Illuminate\\Routing\\Middleware\\ThrottleRequests.php(125): Illuminate\\Routing\\Middleware\\ThrottleRequests->handleRequest()
#24 C:\\Users\\pasic\\Documents\\Pathfinder_Coding\\Pathfinder-Development\\backend\\vendor\\laravel\\framework\\src\\Illuminate\\Routing\\Middleware\\ThrottleRequests.php(87): Illuminate\\Routing\\Middleware\\ThrottleRequests->handleRequestUsingNamedLimiter()
#25 C:\\Users\\pasic\\Documents\\Pathfinder_Coding\\Pathfinder-Development\\backend\\vendor\\laravel\\framework\\src\\Illuminate\\Pipeline\\Pipeline.php(183): Illuminate\\Routing\\Middleware\\ThrottleRequests->handle()
#26 C:\\Users\\pasic\\Documents\\Pathfinder_Coding\\Pathfinder-Development\\backend\\vendor\\laravel\\framework\\src\\Illuminate\\Pipeline\\Pipeline.php(119): Illuminate\\Pipeline\\Pipeline->{closure:{closure:Illuminate\\Pipeline\\Pipeline::carry():158}:159}()
#27 C:\\Users\\pasic\\Documents\\Pathfinder_Coding\\Pathfinder-Development\\backend\\vendor\\laravel\\framework\\src\\Illuminate\\Routing\\Router.php(805): Illuminate\\Pipeline\\Pipeline->then()
#28 C:\\Users\\pasic\\Documents\\Pathfinder_Coding\\Pathfinder-Development\\backend\\vendor\\laravel\\framework\\src\\Illuminate\\Routing\\Router.php(784): Illuminate\\Routing\\Router->runRouteWithinStack()
#29 C:\\Users\\pasic\\Documents\\Pathfinder_Coding\\Pathfinder-Development\\backend\\vendor\\laravel\\framework\\src\\Illuminate\\Routing\\Router.php(748): Illuminate\\Routing\\Router->runRoute()
#30 C:\\Users\\pasic\\Documents\\Pathfinder_Coding\\Pathfinder-Development\\backend\\vendor\\laravel\\framework\\src\\Illuminate\\Routing\\Router.php(737): Illuminate\\Routing\\Router->dispatchToRoute()
#31 C:\\Users\\pasic\\Documents\\Pathfinder_Coding\\Pathfinder-Development\\backend\\vendor\\laravel\\framework\\src\\Illuminate\\Foundation\\Http\\Kernel.php(200): Illuminate\\Routing\\Router->dispatch()
#32 C:\\Users\\pasic\\Documents\\Pathfinder_Coding\\Pathfinder-Development\\backend\\vendor\\laravel\\framework\\src\\Illuminate\\Pipeline\\Pipeline.php(144): Illuminate\\Foundation\\Http\\Kernel->{closure:Illuminate\\Foundation\\Http\\Kernel::dispatchToRouter():197}()
#33 C:\\Users\\pasic\\Documents\\Pathfinder_Coding\\Pathfinder-Development\\backend\\vendor\\laravel\\framework\\src\\Illuminate\\Foundation\\Http\\Middleware\\TransformsRequest.php(21): Illuminate\\Pipeline\\Pipeline->{closure:Illuminate\\Pipeline\\Pipeline::prepareDestination():142}()
#34 C:\\Users\\pasic\\Documents\\Pathfinder_Coding\\Pathfinder-Development\\backend\\vendor\\laravel\\framework\\src\\Illuminate\\Foundation\\Http\\Middleware\\ConvertEmptyStringsToNull.php(31): Illuminate\\Foundation\\Http\\Middleware\\TransformsRequest->handle()
#35 C:\\Users\\pasic\\Documents\\Pathfinder_Coding\\Pathfinder-Development\\backend\\vendor\\laravel\\framework\\src\\Illuminate\\Pipeline\\Pipeline.php(183): Illuminate\\Foundation\\Http\\Middleware\\ConvertEmptyStringsToNull->handle()
#36 C:\\Users\\pasic\\Documents\\Pathfinder_Coding\\Pathfinder-Development\\backend\\vendor\\laravel\\framework\\src\\Illuminate\\Foundation\\Http\\Middleware\\TransformsRequest.php(21): Illuminate\\Pipeline\\Pipeline->{closure:{closure:Illuminate\\Pipeline\\Pipeline::carry():158}:159}()
#37 C:\\Users\\pasic\\Documents\\Pathfinder_Coding\\Pathfinder-Development\\backend\\vendor\\laravel\\framework\\src\\Illuminate\\Foundation\\Http\\Middleware\\TrimStrings.php(40): Illuminate\\Foundation\\Http\\Middleware\\TransformsRequest->handle()
#38 C:\\Users\\pasic\\Documents\\Pathfinder_Coding\\Pathfinder-Development\\backend\\vendor\\laravel\\framework\\src\\Illuminate\\Pipeline\\Pipeline.php(183): Illuminate\\Foundation\\Http\\Middleware\\TrimStrings->handle()
#39 C:\\Users\\pasic\\Documents\\Pathfinder_Coding\\Pathfinder-Development\\backend\\vendor\\laravel\\framework\\src\\Illuminate\\Foundation\\Http\\Middleware\\ValidatePostSize.php(27): Illuminate\\Pipeline\\Pipeline->{closure:{closure:Illuminate\\Pipeline\\Pipeline::carry():158}:159}()
#40 C:\\Users\\pasic\\Documents\\Pathfinder_Coding\\Pathfinder-Development\\backend\\vendor\\laravel\\framework\\src\\Illuminate\\Pipeline\\Pipeline.php(183): Illuminate\\Foundation\\Http\\Middleware\\ValidatePostSize->handle()
#41 C:\\Users\\pasic\\Documents\\Pathfinder_Coding\\Pathfinder-Development\\backend\\vendor\\laravel\\framework\\src\\Illuminate\\Foundation\\Http\\Middleware\\PreventRequestsDuringMaintenance.php(99): Illuminate\\Pipeline\\Pipeline->{closure:{closure:Illuminate\\Pipeline\\Pipeline::carry():158}:159}()
#42 C:\\Users\\pasic\\Documents\\Pathfinder_Coding\\Pathfinder-Development\\backend\\vendor\\laravel\\framework\\src\\Illuminate\\Pipeline\\Pipeline.php(183): Illuminate\\Foundation\\Http\\Middleware\\PreventRequestsDuringMaintenance->handle()
#43 C:\\Users\\pasic\\Documents\\Pathfinder_Coding\\Pathfinder-Development\\backend\\vendor\\laravel\\framework\\src\\Illuminate\\Http\\Middleware\\HandleCors.php(62): Illuminate\\Pipeline\\Pipeline->{closure:{closure:Illuminate\\Pipeline\\Pipeline::carry():158}:159}()
#44 C:\\Users\\pasic\\Documents\\Pathfinder_Coding\\Pathfinder-Development\\backend\\vendor\\laravel\\framework\\src\\Illuminate\\Pipeline\\Pipeline.php(183): Illuminate\\Http\\Middleware\\HandleCors->handle()
#45 C:\\Users\\pasic\\Documents\\Pathfinder_Coding\\Pathfinder-Development\\backend\\vendor\\laravel\\framework\\src\\Illuminate\\Http\\Middleware\\TrustProxies.php(39): Illuminate\\Pipeline\\Pipeline->{closure:{closure:Illuminate\\Pipeline\\Pipeline::carry():158}:159}()
#46 C:\\Users\\pasic\\Documents\\Pathfinder_Coding\\Pathfinder-Development\\backend\\vendor\\laravel\\framework\\src\\Illuminate\\Pipeline\\Pipeline.php(183): Illuminate\\Http\\Middleware\\TrustProxies->handle()
#47 C:\\Users\\pasic\\Documents\\Pathfinder_Coding\\Pathfinder-Development\\backend\\vendor\\laravel\\framework\\src\\Illuminate\\Pipeline\\Pipeline.php(119): Illuminate\\Pipeline\\Pipeline->{closure:{closure:Illuminate\\Pipeline\\Pipeline::carry():158}:159}()
#48 C:\\Users\\pasic\\Documents\\Pathfinder_Coding\\Pathfinder-Development\\backend\\vendor\\laravel\\framework\\src\\Illuminate\\Foundation\\Http\\Kernel.php(175): Illuminate\\Pipeline\\Pipeline->then()
#49 C:\\Users\\pasic\\Documents\\Pathfinder_Coding\\Pathfinder-Development\\backend\\vendor\\laravel\\framework\\src\\Illuminate\\Foundation\\Http\\Kernel.php(144): Illuminate\\Foundation\\Http\\Kernel->sendRequestThroughRouter()
#50 C:\\Users\\pasic\\Documents\\Pathfinder_Coding\\Pathfinder-Development\\backend\\public\\index.php(51): Illuminate\\Foundation\\Http\\Kernel->handle()
#51 C:\\Users\\pasic\\Documents\\Pathfinder_Coding\\Pathfinder-Development\\backend\\vendor\\laravel\\framework\\src\\Illuminate\\Foundation\\resources\\server.php(16): require_once('...')
#52 {main}

[previous exception] [object] (PDOException(code: 0): could not find driver at C:\\Users\\pasic\\Documents\\Pathfinder_Coding\\Pathfinder-Development\\backend\\vendor\\laravel\\framework\\src\\Illuminate\\Database\\Connectors\\Connector.php:65)
[stacktrace]
#0 C:\\Users\\pasic\\Documents\\Pathfinder_Coding\\Pathfinder-Development\\backend\\vendor\\laravel\\framework\\src\\Illuminate\\Database\\Connectors\\Connector.php(65): PDO->__construct()
#1 C:\\Users\\pasic\\Documents\\Pathfinder_Coding\\Pathfinder-Development\\backend\\vendor\\laravel\\framework\\src\\Illuminate\\Database\\Connectors\\Connector.php(44): Illuminate\\Database\\Connectors\\Connector->createPdoConnection()
#2 C:\\Users\\pasic\\Documents\\Pathfinder_Coding\\Pathfinder-Development\\backend\\vendor\\laravel\\framework\\src\\Illuminate\\Database\\Connectors\\MySqlConnector.php(24): Illuminate\\Database\\Connectors\\Connector->createConnection()
#3 C:\\Users\\pasic\\Documents\\Pathfinder_Coding\\Pathfinder-Development\\backend\\vendor\\laravel\\framework\\src\\Illuminate\\Database\\Connectors\\ConnectionFactory.php(184): Illuminate\\Database\\Connectors\\MySqlConnector->connect()
#4 [internal function]: Illuminate\\Database\\Connectors\\ConnectionFactory->{closure:Illuminate\\Database\\Connectors\\ConnectionFactory::createPdoResolverWithHosts():179}()
#5 C:\\Users\\pasic\\Documents\\Pathfinder_Coding\\Pathfinder-Development\\backend\\vendor\\laravel\\framework\\src\\Illuminate\\Database\\Connection.php(1339): call_user_func()
#6 C:\\Users\\pasic\\Documents\\Pathfinder_Coding\\Pathfinder-Development\\backend\\vendor\\laravel\\framework\\src\\Illuminate\\Database\\Connection.php(528): Illuminate\\Database\\Connection->getPdo()
#7 C:\\Users\\pasic\\Documents\\Pathfinder_Coding\\Pathfinder-Development\\backend\\vendor\\laravel\\framework\\src\\Illuminate\\Database\\Connection.php(423): Illuminate\\Database\\Connection->getPdoForSelect()
#8 C:\\Users\\pasic\\Documents\\Pathfinder_Coding\\Pathfinder-Development\\backend\\vendor\\laravel\\framework\\src\\Illuminate\\Database\\Connection.php(816): Illuminate\\Database\\Connection->{closure:Illuminate\\Database\\Connection::select():414}()
#9 C:\\Users\\pasic\\Documents\\Pathfinder_Coding\\Pathfinder-Development\\backend\\vendor\\laravel\\framework\\src\\Illuminate\\Database\\Connection.php(783): Illuminate\\Database\\Connection->runQueryCallback()
#10 C:\\Users\\pasic\\Documents\\Pathfinder_Coding\\Pathfinder-Development\\backend\\vendor\\laravel\\framework\\src\\Illuminate\\Database\\Connection.php(414): Illuminate\\Database\\Connection->run()
#11 C:\\Users\\pasic\\Documents\\Pathfinder_Coding\\Pathfinder-Development\\backend\\vendor\\laravel\\framework\\src\\Illuminate\\Database\\Query\\Builder.php(2913): Illuminate\\Database\\Connection->select()
#12 C:\\Users\\pasic\\Documents\\Pathfinder_Coding\\Pathfinder-Development\\backend\\vendor\\laravel\\framework\\src\\Illuminate\\Database\\Query\\Builder.php(2902): Illuminate\\Database\\Query\\Builder->runSelect()
#13 C:\\Users\\pasic\\Documents\\Pathfinder_Coding\\Pathfinder-Development\\backend\\vendor\\laravel\\framework\\src\\Illuminate\\Database\\Query\\Builder.php(3456): Illuminate\\Database\\Query\\Builder->{closure:Illuminate\\Database\\Query\\Builder::get():2901}()
#14 C:\\Users\\pasic\\Documents\\Pathfinder_Coding\\Pathfinder-Development\\backend\\vendor\\laravel\\framework\\src\\Illuminate\\Database\\Query\\Builder.php(2901): Illuminate\\Database\\Query\\Builder->onceWithColumns()
#15 C:\\Users\\pasic\\Documents\\Pathfinder_Coding\\Pathfinder-Development\\backend\\vendor\\laravel\\framework\\src\\Illuminate\\Database\\Query\\Builder.php(3383): Illuminate\\Database\\Query\\Builder->get()
#16 C:\\Users\\pasic\\Documents\\Pathfinder_Coding\\Pathfinder-Development\\backend\\vendor\\laravel\\framework\\src\\Illuminate\\Database\\Query\\Builder.php(3311): Illuminate\\Database\\Query\\Builder->aggregate()
#17 C:\\Users\\pasic\\Documents\\Pathfinder_Coding\\Pathfinder-Development\\backend\\vendor\\laravel\\framework\\src\\Illuminate\\Validation\\DatabasePresenceVerifier.php(54): Illuminate\\Database\\Query\\Builder->count()
#18 C:\\Users\\pasic\\Documents\\Pathfinder_Coding\\Pathfinder-Development\\backend\\vendor\\laravel\\framework\\src\\Illuminate\\Validation\\Concerns\\ValidatesAttributes.php(948): Illuminate\\Validation\\DatabasePresenceVerifier->getCount()
#19 C:\\Users\\pasic\\Documents\\Pathfinder_Coding\\Pathfinder-Development\\backend\\vendor\\laravel\\framework\\src\\Illuminate\\Validation\\Validator.php(660): Illuminate\\Validation\\Validator->validateUnique()
#20 C:\\Users\\pasic\\Documents\\Pathfinder_Coding\\Pathfinder-Development\\backend\\vendor\\laravel\\framework\\src\\Illuminate\\Validation\\Validator.php(459): Illuminate\\Validation\\Validator->validateAttribute()
#21 C:\\Users\\pasic\\Documents\\Pathfinder_Coding\\Pathfinder-Development\\backend\\vendor\\laravel\\framework\\src\\Illuminate\\Validation\\Validator.php(494): Illuminate\\Validation\\Validator->passes()
#22 C:\\Users\\pasic\\Documents\\Pathfinder_Coding\\Pathfinder-Development\\backend\\app\\Http\\Controllers\\ApplicantController.php(24): Illuminate\\Validation\\Validator->fails()
#23 C:\\Users\\pasic\\Documents\\Pathfinder_Coding\\Pathfinder-Development\\backend\\vendor\\laravel\\framework\\src\\Illuminate\\Routing\\Controller.php(54): App\\Http\\Controllers\\ApplicantController->store()
#24 C:\\Users\\pasic\\Documents\\Pathfinder_Coding\\Pathfinder-Development\\backend\\vendor\\laravel\\framework\\src\\Illuminate\\Routing\\ControllerDispatcher.php(43): Illuminate\\Routing\\Controller->callAction()
#25 C:\\Users\\pasic\\Documents\\Pathfinder_Coding\\Pathfinder-Development\\backend\\vendor\\laravel\\framework\\src\\Illuminate\\Routing\\Route.php(259): Illuminate\\Routing\\ControllerDispatcher->dispatch()
#26 C:\\Users\\pasic\\Documents\\Pathfinder_Coding\\Pathfinder-Development\\backend\\vendor\\laravel\\framework\\src\\Illuminate\\Routing\\Route.php(205): Illuminate\\Routing\\Route->runController()
#27 C:\\Users\\pasic\\Documents\\Pathfinder_Coding\\Pathfinder-Development\\backend\\vendor\\laravel\\framework\\src\\Illuminate\\Routing\\Router.php(806): Illuminate\\Routing\\Route->run()
#28 C:\\Users\\pasic\\Documents\\Pathfinder_Coding\\Pathfinder-Development\\backend\\vendor\\laravel\\framework\\src\\Illuminate\\Pipeline\\Pipeline.php(144): Illuminate\\Routing\\Router->{closure:Illuminate\\Routing\\Router::runRouteWithinStack():805}()
#29 C:\\Users\\pasic\\Documents\\Pathfinder_Coding\\Pathfinder-Development\\backend\\vendor\\laravel\\framework\\src\\Illuminate\\Routing\\Middleware\\SubstituteBindings.php(50): Illuminate\\Pipeline\\Pipeline->{closure:Illuminate\\Pipeline\\Pipeline::prepareDestination():142}()
#30 C:\\Users\\pasic\\Documents\\Pathfinder_Coding\\Pathfinder-Development\\backend\\vendor\\laravel\\framework\\src\\Illuminate\\Pipeline\\Pipeline.php(183): Illuminate\\Routing\\Middleware\\SubstituteBindings->handle()
#31 C:\\Users\\pasic\\Documents\\Pathfinder_Coding\\Pathfinder-Development\\backend\\vendor\\laravel\\framework\\src\\Illuminate\\Routing\\Middleware\\ThrottleRequests.php(159): Illuminate\\Pipeline\\Pipeline->{closure:{closure:Illuminate\\Pipeline\\Pipeline::carry():158}:159}()
#32 C:\\Users\\pasic\\Documents\\Pathfinder_Coding\\Pathfinder-Development\\backend\\vendor\\laravel\\framework\\src\\Illuminate\\Routing\\Middleware\\ThrottleRequests.php(125): Illuminate\\Routing\\Middleware\\ThrottleRequests->handleRequest()
#33 C:\\Users\\pasic\\Documents\\Pathfinder_Coding\\Pathfinder-Development\\backend\\vendor\\laravel\\framework\\src\\Illuminate\\Routing\\Middleware\\ThrottleRequests.php(87): Illuminate\\Routing\\Middleware\\ThrottleRequests->handleRequestUsingNamedLimiter()
#34 C:\\Users\\pasic\\Documents\\Pathfinder_Coding\\Pathfinder-Development\\backend\\vendor\\laravel\\framework\\src\\Illuminate\\Pipeline\\Pipeline.php(183): Illuminate\\Routing\\Middleware\\ThrottleRequests->handle()
#35 C:\\Users\\pasic\\Documents\\Pathfinder_Coding\\Pathfinder-Development\\backend\\vendor\\laravel\\framework\\src\\Illuminate\\Pipeline\\Pipeline.php(119): Illuminate\\Pipeline\\Pipeline->{closure:{closure:Illuminate\\Pipeline\\Pipeline::carry():158}:159}()
#36 C:\\Users\\pasic\\Documents\\Pathfinder_Coding\\Pathfinder-Development\\backend\\vendor\\laravel\\framework\\src\\Illuminate\\Routing\\Router.php(805): Illuminate\\Pipeline\\Pipeline->then()
#37 C:\\Users\\pasic\\Documents\\Pathfinder_Coding\\Pathfinder-Development\\backend\\vendor\\laravel\\framework\\src\\Illuminate\\Routing\\Router.php(784): Illuminate\\Routing\\Router->runRouteWithinStack()
#38 C:\\Users\\pasic\\Documents\\Pathfinder_Coding\\Pathfinder-Development\\backend\\vendor\\laravel\\framework\\src\\Illuminate\\Routing\\Router.php(748): Illuminate\\Routing\\Router->runRoute()
#39 C:\\Users\\pasic\\Documents\\Pathfinder_Coding\\Pathfinder-Development\\backend\\vendor\\laravel\\framework\\src\\Illuminate\\Routing\\Router.php(737): Illuminate\\Routing\\Router->dispatchToRoute()
#40 C:\\Users\\pasic\\Documents\\Pathfinder_Coding\\Pathfinder-Development\\backend\\vendor\\laravel\\framework\\src\\Illuminate\\Foundation\\Http\\Kernel.php(200): Illuminate\\Routing\\Router->dispatch()
#41 C:\\Users\\pasic\\Documents\\Pathfinder_Coding\\Pathfinder-Development\\backend\\vendor\\laravel\\framework\\src\\Illuminate\\Pipeline\\Pipeline.php(144): Illuminate\\Foundation\\Http\\Kernel->{closure:Illuminate\\Foundation\\Http\\Kernel::dispatchToRouter():197}()
#42 C:\\Users\\pasic\\Documents\\Pathfinder_Coding\\Pathfinder-Development\\backend\\vendor\\laravel\\framework\\src\\Illuminate\\Foundation\\Http\\Middleware\\TransformsRequest.php(21): Illuminate\\Pipeline\\Pipeline->{closure:Illuminate\\Pipeline\\Pipeline::prepareDestination():142}()
#43 C:\\Users\\pasic\\Documents\\Pathfinder_Coding\\Pathfinder-Development\\backend\\vendor\\laravel\\framework\\src\\Illuminate\\Foundation\\Http\\Middleware\\ConvertEmptyStringsToNull.php(31): Illuminate\\Foundation\\Http\\Middleware\\TransformsRequest->handle()
#44 C:\\Users\\pasic\\Documents\\Pathfinder_Coding\\Pathfinder-Development\\backend\\vendor\\laravel\\framework\\src\\Illuminate\\Pipeline\\Pipeline.php(183): Illuminate\\Foundation\\Http\\Middleware\\ConvertEmptyStringsToNull->handle()
#45 C:\\Users\\pasic\\Documents\\Pathfinder_Coding\\Pathfinder-Development\\backend\\vendor\\laravel\\framework\\src\\Illuminate\\Foundation\\Http\\Middleware\\TransformsRequest.php(21): Illuminate\\Pipeline\\Pipeline->{closure:{closure:Illuminate\\Pipeline\\Pipeline::carry():158}:159}()
#46 C:\\Users\\pasic\\Documents\\Pathfinder_Coding\\Pathfinder-Development\\backend\\vendor\\laravel\\framework\\src\\Illuminate\\Foundation\\Http\\Middleware\\TrimStrings.php(40): Illuminate\\Foundation\\Http\\Middleware\\TransformsRequest->handle()
#47 C:\\Users\\pasic\\Documents\\Pathfinder_Coding\\Pathfinder-Development\\backend\\vendor\\laravel\\framework\\src\\Illuminate\\Pipeline\\Pipeline.php(183): Illuminate\\Foundation\\Http\\Middleware\\TrimStrings->handle()
#48 C:\\Users\\pasic\\Documents\\Pathfinder_Coding\\Pathfinder-Development\\backend\\vendor\\laravel\\framework\\src\\Illuminate\\Foundation\\Http\\Middleware\\ValidatePostSize.php(27): Illuminate\\Pipeline\\Pipeline->{closure:{closure:Illuminate\\Pipeline\\Pipeline::carry():158}:159}()
#49 C:\\Users\\pasic\\Documents\\Pathfinder_Coding\\Pathfinder-Development\\backend\\vendor\\laravel\\framework\\src\\Illuminate\\Pipeline\\Pipeline.php(183): Illuminate\\Foundation\\Http\\Middleware\\ValidatePostSize->handle()
#50 C:\\Users\\pasic\\Documents\\Pathfinder_Coding\\Pathfinder-Development\\backend\\vendor\\laravel\\framework\\src\\Illuminate\\Foundation\\Http\\Middleware\\PreventRequestsDuringMaintenance.php(99): Illuminate\\Pipeline\\Pipeline->{closure:{closure:Illuminate\\Pipeline\\Pipeline::carry():158}:159}()
#51 C:\\Users\\pasic\\Documents\\Pathfinder_Coding\\Pathfinder-Development\\backend\\vendor\\laravel\\framework\\src\\Illuminate\\Pipeline\\Pipeline.php(183): Illuminate\\Foundation\\Http\\Middleware\\PreventRequestsDuringMaintenance->handle()
#52 C:\\Users\\pasic\\Documents\\Pathfinder_Coding\\Pathfinder-Development\\backend\\vendor\\laravel\\framework\\src\\Illuminate\\Http\\Middleware\\HandleCors.php(62): Illuminate\\Pipeline\\Pipeline->{closure:{closure:Illuminate\\Pipeline\\Pipeline::carry():158}:159}()
#53 C:\\Users\\pasic\\Documents\\Pathfinder_Coding\\Pathfinder-Development\\backend\\vendor\\laravel\\framework\\src\\Illuminate\\Pipeline\\Pipeline.php(183): Illuminate\\Http\\Middleware\\HandleCors->handle()
#54 C:\\Users\\pasic\\Documents\\Pathfinder_Coding\\Pathfinder-Development\\backend\\vendor\\laravel\\framework\\src\\Illuminate\\Http\\Middleware\\TrustProxies.php(39): Illuminate\\Pipeline\\Pipeline->{closure:{closure:Illuminate\\Pipeline\\Pipeline::carry():158}:159}()
#55 C:\\Users\\pasic\\Documents\\Pathfinder_Coding\\Pathfinder-Development\\backend\\vendor\\laravel\\framework\\src\\Illuminate\\Pipeline\\Pipeline.php(183): Illuminate\\Http\\Middleware\\TrustProxies->handle()
#56 C:\\Users\\pasic\\Documents\\Pathfinder_Coding\\Pathfinder-Development\\backend\\vendor\\laravel\\framework\\src\\Illuminate\\Pipeline\\Pipeline.php(119): Illuminate\\Pipeline\\Pipeline->{closure:{closure:Illuminate\\Pipeline\\Pipeline::carry():158}:159}()
#57 C:\\Users\\pasic\\Documents\\Pathfinder_Coding\\Pathfinder-Development\\backend\\vendor\\laravel\\framework\\src\\Illuminate\\Foundation\\Http\\Kernel.php(175): Illuminate\\Pipeline\\Pipeline->then()
#58 C:\\Users\\pasic\\Documents\\Pathfinder_Coding\\Pathfinder-Development\\backend\\vendor\\laravel\\framework\\src\\Illuminate\\Foundation\\Http\\Kernel.php(144): Illuminate\\Foundation\\Http\\Kernel->sendRequestThroughRouter()
#59 C:\\Users\\pasic\\Documents\\Pathfinder_Coding\\Pathfinder-Development\\backend\\public\\index.php(51): Illuminate\\Foundation\\Http\\Kernel->handle()
#60 C:\\Users\\pasic\\Documents\\Pathfinder_Coding\\Pathfinder-Development\\backend\\vendor\\laravel\\framework\\src\\Illuminate\\Foundation\\resources\\server.php(16): require_once('...')
#61 {main}
"} 
[2025-07-22 16:00:03] local.ERROR: could not find driver (Connection: mysql, SQL: select count(*) as aggregate from `Applicant` where `emailAddress` = abc123@gmail.com) {"exception":"[object] (Illuminate\\Database\\QueryException(code: 0): could not find driver (Connection: mysql, SQL: select count(*) as aggregate from `Applicant` where `emailAddress` = abc123@gmail.com) at C:\\Users\\pasic\\Documents\\Pathfinder_Coding\\Pathfinder-Development\\backend\\vendor\\laravel\\framework\\src\\Illuminate\\Database\\Connection.php:829)
[stacktrace]
#0 C:\\Users\\pasic\\Documents\\Pathfinder_Coding\\Pathfinder-Development\\backend\\vendor\\laravel\\framework\\src\\Illuminate\\Database\\Connection.php(783): Illuminate\\Database\\Connection->runQueryCallback()
#1 C:\\Users\\pasic\\Documents\\Pathfinder_Coding\\Pathfinder-Development\\backend\\vendor\\laravel\\framework\\src\\Illuminate\\Database\\Connection.php(414): Illuminate\\Database\\Connection->run()
#2 C:\\Users\\pasic\\Documents\\Pathfinder_Coding\\Pathfinder-Development\\backend\\vendor\\laravel\\framework\\src\\Illuminate\\Database\\Query\\Builder.php(2913): Illuminate\\Database\\Connection->select()
#3 C:\\Users\\pasic\\Documents\\Pathfinder_Coding\\Pathfinder-Development\\backend\\vendor\\laravel\\framework\\src\\Illuminate\\Database\\Query\\Builder.php(2902): Illuminate\\Database\\Query\\Builder->runSelect()
#4 C:\\Users\\pasic\\Documents\\Pathfinder_Coding\\Pathfinder-Development\\backend\\vendor\\laravel\\framework\\src\\Illuminate\\Database\\Query\\Builder.php(3456): Illuminate\\Database\\Query\\Builder->{closure:Illuminate\\Database\\Query\\Builder::get():2901}()
#5 C:\\Users\\pasic\\Documents\\Pathfinder_Coding\\Pathfinder-Development\\backend\\vendor\\laravel\\framework\\src\\Illuminate\\Database\\Query\\Builder.php(2901): Illuminate\\Database\\Query\\Builder->onceWithColumns()
#6 C:\\Users\\pasic\\Documents\\Pathfinder_Coding\\Pathfinder-Development\\backend\\vendor\\laravel\\framework\\src\\Illuminate\\Database\\Query\\Builder.php(3383): Illuminate\\Database\\Query\\Builder->get()
#7 C:\\Users\\pasic\\Documents\\Pathfinder_Coding\\Pathfinder-Development\\backend\\vendor\\laravel\\framework\\src\\Illuminate\\Database\\Query\\Builder.php(3311): Illuminate\\Database\\Query\\Builder->aggregate()
#8 C:\\Users\\pasic\\Documents\\Pathfinder_Coding\\Pathfinder-Development\\backend\\vendor\\laravel\\framework\\src\\Illuminate\\Validation\\DatabasePresenceVerifier.php(54): Illuminate\\Database\\Query\\Builder->count()
#9 C:\\Users\\pasic\\Documents\\Pathfinder_Coding\\Pathfinder-Development\\backend\\vendor\\laravel\\framework\\src\\Illuminate\\Validation\\Concerns\\ValidatesAttributes.php(948): Illuminate\\Validation\\DatabasePresenceVerifier->getCount()
#10 C:\\Users\\pasic\\Documents\\Pathfinder_Coding\\Pathfinder-Development\\backend\\vendor\\laravel\\framework\\src\\Illuminate\\Validation\\Validator.php(660): Illuminate\\Validation\\Validator->validateUnique()
#11 C:\\Users\\pasic\\Documents\\Pathfinder_Coding\\Pathfinder-Development\\backend\\vendor\\laravel\\framework\\src\\Illuminate\\Validation\\Validator.php(459): Illuminate\\Validation\\Validator->validateAttribute()
#12 C:\\Users\\pasic\\Documents\\Pathfinder_Coding\\Pathfinder-Development\\backend\\vendor\\laravel\\framework\\src\\Illuminate\\Validation\\Validator.php(494): Illuminate\\Validation\\Validator->passes()
#13 C:\\Users\\pasic\\Documents\\Pathfinder_Coding\\Pathfinder-Development\\backend\\app\\Http\\Controllers\\ApplicantController.php(24): Illuminate\\Validation\\Validator->fails()
#14 C:\\Users\\pasic\\Documents\\Pathfinder_Coding\\Pathfinder-Development\\backend\\vendor\\laravel\\framework\\src\\Illuminate\\Routing\\Controller.php(54): App\\Http\\Controllers\\ApplicantController->store()
#15 C:\\Users\\pasic\\Documents\\Pathfinder_Coding\\Pathfinder-Development\\backend\\vendor\\laravel\\framework\\src\\Illuminate\\Routing\\ControllerDispatcher.php(43): Illuminate\\Routing\\Controller->callAction()
#16 C:\\Users\\pasic\\Documents\\Pathfinder_Coding\\Pathfinder-Development\\backend\\vendor\\laravel\\framework\\src\\Illuminate\\Routing\\Route.php(259): Illuminate\\Routing\\ControllerDispatcher->dispatch()
#17 C:\\Users\\pasic\\Documents\\Pathfinder_Coding\\Pathfinder-Development\\backend\\vendor\\laravel\\framework\\src\\Illuminate\\Routing\\Route.php(205): Illuminate\\Routing\\Route->runController()
#18 C:\\Users\\pasic\\Documents\\Pathfinder_Coding\\Pathfinder-Development\\backend\\vendor\\laravel\\framework\\src\\Illuminate\\Routing\\Router.php(806): Illuminate\\Routing\\Route->run()
#19 C:\\Users\\pasic\\Documents\\Pathfinder_Coding\\Pathfinder-Development\\backend\\vendor\\laravel\\framework\\src\\Illuminate\\Pipeline\\Pipeline.php(144): Illuminate\\Routing\\Router->{closure:Illuminate\\Routing\\Router::runRouteWithinStack():805}()
#20 C:\\Users\\pasic\\Documents\\Pathfinder_Coding\\Pathfinder-Development\\backend\\vendor\\laravel\\framework\\src\\Illuminate\\Routing\\Middleware\\SubstituteBindings.php(50): Illuminate\\Pipeline\\Pipeline->{closure:Illuminate\\Pipeline\\Pipeline::prepareDestination():142}()
#21 C:\\Users\\pasic\\Documents\\Pathfinder_Coding\\Pathfinder-Development\\backend\\vendor\\laravel\\framework\\src\\Illuminate\\Pipeline\\Pipeline.php(183): Illuminate\\Routing\\Middleware\\SubstituteBindings->handle()
#22 C:\\Users\\pasic\\Documents\\Pathfinder_Coding\\Pathfinder-Development\\backend\\vendor\\laravel\\framework\\src\\Illuminate\\Routing\\Middleware\\ThrottleRequests.php(159): Illuminate\\Pipeline\\Pipeline->{closure:{closure:Illuminate\\Pipeline\\Pipeline::carry():158}:159}()
#23 C:\\Users\\pasic\\Documents\\Pathfinder_Coding\\Pathfinder-Development\\backend\\vendor\\laravel\\framework\\src\\Illuminate\\Routing\\Middleware\\ThrottleRequests.php(125): Illuminate\\Routing\\Middleware\\ThrottleRequests->handleRequest()
#24 C:\\Users\\pasic\\Documents\\Pathfinder_Coding\\Pathfinder-Development\\backend\\vendor\\laravel\\framework\\src\\Illuminate\\Routing\\Middleware\\ThrottleRequests.php(87): Illuminate\\Routing\\Middleware\\ThrottleRequests->handleRequestUsingNamedLimiter()
#25 C:\\Users\\pasic\\Documents\\Pathfinder_Coding\\Pathfinder-Development\\backend\\vendor\\laravel\\framework\\src\\Illuminate\\Pipeline\\Pipeline.php(183): Illuminate\\Routing\\Middleware\\ThrottleRequests->handle()
#26 C:\\Users\\pasic\\Documents\\Pathfinder_Coding\\Pathfinder-Development\\backend\\vendor\\laravel\\framework\\src\\Illuminate\\Pipeline\\Pipeline.php(119): Illuminate\\Pipeline\\Pipeline->{closure:{closure:Illuminate\\Pipeline\\Pipeline::carry():158}:159}()
#27 C:\\Users\\pasic\\Documents\\Pathfinder_Coding\\Pathfinder-Development\\backend\\vendor\\laravel\\framework\\src\\Illuminate\\Routing\\Router.php(805): Illuminate\\Pipeline\\Pipeline->then()
#28 C:\\Users\\pasic\\Documents\\Pathfinder_Coding\\Pathfinder-Development\\backend\\vendor\\laravel\\framework\\src\\Illuminate\\Routing\\Router.php(784): Illuminate\\Routing\\Router->runRouteWithinStack()
#29 C:\\Users\\pasic\\Documents\\Pathfinder_Coding\\Pathfinder-Development\\backend\\vendor\\laravel\\framework\\src\\Illuminate\\Routing\\Router.php(748): Illuminate\\Routing\\Router->runRoute()
#30 C:\\Users\\pasic\\Documents\\Pathfinder_Coding\\Pathfinder-Development\\backend\\vendor\\laravel\\framework\\src\\Illuminate\\Routing\\Router.php(737): Illuminate\\Routing\\Router->dispatchToRoute()
#31 C:\\Users\\pasic\\Documents\\Pathfinder_Coding\\Pathfinder-Development\\backend\\vendor\\laravel\\framework\\src\\Illuminate\\Foundation\\Http\\Kernel.php(200): Illuminate\\Routing\\Router->dispatch()
#32 C:\\Users\\pasic\\Documents\\Pathfinder_Coding\\Pathfinder-Development\\backend\\vendor\\laravel\\framework\\src\\Illuminate\\Pipeline\\Pipeline.php(144): Illuminate\\Foundation\\Http\\Kernel->{closure:Illuminate\\Foundation\\Http\\Kernel::dispatchToRouter():197}()
#33 C:\\Users\\pasic\\Documents\\Pathfinder_Coding\\Pathfinder-Development\\backend\\vendor\\laravel\\framework\\src\\Illuminate\\Foundation\\Http\\Middleware\\TransformsRequest.php(21): Illuminate\\Pipeline\\Pipeline->{closure:Illuminate\\Pipeline\\Pipeline::prepareDestination():142}()
#34 C:\\Users\\pasic\\Documents\\Pathfinder_Coding\\Pathfinder-Development\\backend\\vendor\\laravel\\framework\\src\\Illuminate\\Foundation\\Http\\Middleware\\ConvertEmptyStringsToNull.php(31): Illuminate\\Foundation\\Http\\Middleware\\TransformsRequest->handle()
#35 C:\\Users\\pasic\\Documents\\Pathfinder_Coding\\Pathfinder-Development\\backend\\vendor\\laravel\\framework\\src\\Illuminate\\Pipeline\\Pipeline.php(183): Illuminate\\Foundation\\Http\\Middleware\\ConvertEmptyStringsToNull->handle()
#36 C:\\Users\\pasic\\Documents\\Pathfinder_Coding\\Pathfinder-Development\\backend\\vendor\\laravel\\framework\\src\\Illuminate\\Foundation\\Http\\Middleware\\TransformsRequest.php(21): Illuminate\\Pipeline\\Pipeline->{closure:{closure:Illuminate\\Pipeline\\Pipeline::carry():158}:159}()
#37 C:\\Users\\pasic\\Documents\\Pathfinder_Coding\\Pathfinder-Development\\backend\\vendor\\laravel\\framework\\src\\Illuminate\\Foundation\\Http\\Middleware\\TrimStrings.php(40): Illuminate\\Foundation\\Http\\Middleware\\TransformsRequest->handle()
#38 C:\\Users\\pasic\\Documents\\Pathfinder_Coding\\Pathfinder-Development\\backend\\vendor\\laravel\\framework\\src\\Illuminate\\Pipeline\\Pipeline.php(183): Illuminate\\Foundation\\Http\\Middleware\\TrimStrings->handle()
#39 C:\\Users\\pasic\\Documents\\Pathfinder_Coding\\Pathfinder-Development\\backend\\vendor\\laravel\\framework\\src\\Illuminate\\Foundation\\Http\\Middleware\\ValidatePostSize.php(27): Illuminate\\Pipeline\\Pipeline->{closure:{closure:Illuminate\\Pipeline\\Pipeline::carry():158}:159}()
#40 C:\\Users\\pasic\\Documents\\Pathfinder_Coding\\Pathfinder-Development\\backend\\vendor\\laravel\\framework\\src\\Illuminate\\Pipeline\\Pipeline.php(183): Illuminate\\Foundation\\Http\\Middleware\\ValidatePostSize->handle()
#41 C:\\Users\\pasic\\Documents\\Pathfinder_Coding\\Pathfinder-Development\\backend\\vendor\\laravel\\framework\\src\\Illuminate\\Foundation\\Http\\Middleware\\PreventRequestsDuringMaintenance.php(99): Illuminate\\Pipeline\\Pipeline->{closure:{closure:Illuminate\\Pipeline\\Pipeline::carry():158}:159}()
#42 C:\\Users\\pasic\\Documents\\Pathfinder_Coding\\Pathfinder-Development\\backend\\vendor\\laravel\\framework\\src\\Illuminate\\Pipeline\\Pipeline.php(183): Illuminate\\Foundation\\Http\\Middleware\\PreventRequestsDuringMaintenance->handle()
#43 C:\\Users\\pasic\\Documents\\Pathfinder_Coding\\Pathfinder-Development\\backend\\vendor\\laravel\\framework\\src\\Illuminate\\Http\\Middleware\\HandleCors.php(62): Illuminate\\Pipeline\\Pipeline->{closure:{closure:Illuminate\\Pipeline\\Pipeline::carry():158}:159}()
#44 C:\\Users\\pasic\\Documents\\Pathfinder_Coding\\Pathfinder-Development\\backend\\vendor\\laravel\\framework\\src\\Illuminate\\Pipeline\\Pipeline.php(183): Illuminate\\Http\\Middleware\\HandleCors->handle()
#45 C:\\Users\\pasic\\Documents\\Pathfinder_Coding\\Pathfinder-Development\\backend\\vendor\\laravel\\framework\\src\\Illuminate\\Http\\Middleware\\TrustProxies.php(39): Illuminate\\Pipeline\\Pipeline->{closure:{closure:Illuminate\\Pipeline\\Pipeline::carry():158}:159}()
#46 C:\\Users\\pasic\\Documents\\Pathfinder_Coding\\Pathfinder-Development\\backend\\vendor\\laravel\\framework\\src\\Illuminate\\Pipeline\\Pipeline.php(183): Illuminate\\Http\\Middleware\\TrustProxies->handle()
#47 C:\\Users\\pasic\\Documents\\Pathfinder_Coding\\Pathfinder-Development\\backend\\vendor\\laravel\\framework\\src\\Illuminate\\Pipeline\\Pipeline.php(119): Illuminate\\Pipeline\\Pipeline->{closure:{closure:Illuminate\\Pipeline\\Pipeline::carry():158}:159}()
#48 C:\\Users\\pasic\\Documents\\Pathfinder_Coding\\Pathfinder-Development\\backend\\vendor\\laravel\\framework\\src\\Illuminate\\Foundation\\Http\\Kernel.php(175): Illuminate\\Pipeline\\Pipeline->then()
#49 C:\\Users\\pasic\\Documents\\Pathfinder_Coding\\Pathfinder-Development\\backend\\vendor\\laravel\\framework\\src\\Illuminate\\Foundation\\Http\\Kernel.php(144): Illuminate\\Foundation\\Http\\Kernel->sendRequestThroughRouter()
#50 C:\\Users\\pasic\\Documents\\Pathfinder_Coding\\Pathfinder-Development\\backend\\public\\index.php(51): Illuminate\\Foundation\\Http\\Kernel->handle()
#51 C:\\Users\\pasic\\Documents\\Pathfinder_Coding\\Pathfinder-Development\\backend\\vendor\\laravel\\framework\\src\\Illuminate\\Foundation\\resources\\server.php(16): require_once('...')
#52 {main}

[previous exception] [object] (PDOException(code: 0): could not find driver at C:\\Users\\pasic\\Documents\\Pathfinder_Coding\\Pathfinder-Development\\backend\\vendor\\laravel\\framework\\src\\Illuminate\\Database\\Connectors\\Connector.php:65)
[stacktrace]
#0 C:\\Users\\pasic\\Documents\\Pathfinder_Coding\\Pathfinder-Development\\backend\\vendor\\laravel\\framework\\src\\Illuminate\\Database\\Connectors\\Connector.php(65): PDO->__construct()
#1 C:\\Users\\pasic\\Documents\\Pathfinder_Coding\\Pathfinder-Development\\backend\\vendor\\laravel\\framework\\src\\Illuminate\\Database\\Connectors\\Connector.php(44): Illuminate\\Database\\Connectors\\Connector->createPdoConnection()
#2 C:\\Users\\pasic\\Documents\\Pathfinder_Coding\\Pathfinder-Development\\backend\\vendor\\laravel\\framework\\src\\Illuminate\\Database\\Connectors\\MySqlConnector.php(24): Illuminate\\Database\\Connectors\\Connector->createConnection()
#3 C:\\Users\\pasic\\Documents\\Pathfinder_Coding\\Pathfinder-Development\\backend\\vendor\\laravel\\framework\\src\\Illuminate\\Database\\Connectors\\ConnectionFactory.php(184): Illuminate\\Database\\Connectors\\MySqlConnector->connect()
#4 [internal function]: Illuminate\\Database\\Connectors\\ConnectionFactory->{closure:Illuminate\\Database\\Connectors\\ConnectionFactory::createPdoResolverWithHosts():179}()
#5 C:\\Users\\pasic\\Documents\\Pathfinder_Coding\\Pathfinder-Development\\backend\\vendor\\laravel\\framework\\src\\Illuminate\\Database\\Connection.php(1339): call_user_func()
#6 C:\\Users\\pasic\\Documents\\Pathfinder_Coding\\Pathfinder-Development\\backend\\vendor\\laravel\\framework\\src\\Illuminate\\Database\\Connection.php(528): Illuminate\\Database\\Connection->getPdo()
#7 C:\\Users\\pasic\\Documents\\Pathfinder_Coding\\Pathfinder-Development\\backend\\vendor\\laravel\\framework\\src\\Illuminate\\Database\\Connection.php(423): Illuminate\\Database\\Connection->getPdoForSelect()
#8 C:\\Users\\pasic\\Documents\\Pathfinder_Coding\\Pathfinder-Development\\backend\\vendor\\laravel\\framework\\src\\Illuminate\\Database\\Connection.php(816): Illuminate\\Database\\Connection->{closure:Illuminate\\Database\\Connection::select():414}()
#9 C:\\Users\\pasic\\Documents\\Pathfinder_Coding\\Pathfinder-Development\\backend\\vendor\\laravel\\framework\\src\\Illuminate\\Database\\Connection.php(783): Illuminate\\Database\\Connection->runQueryCallback()
#10 C:\\Users\\pasic\\Documents\\Pathfinder_Coding\\Pathfinder-Development\\backend\\vendor\\laravel\\framework\\src\\Illuminate\\Database\\Connection.php(414): Illuminate\\Database\\Connection->run()
#11 C:\\Users\\pasic\\Documents\\Pathfinder_Coding\\Pathfinder-Development\\backend\\vendor\\laravel\\framework\\src\\Illuminate\\Database\\Query\\Builder.php(2913): Illuminate\\Database\\Connection->select()
#12 C:\\Users\\pasic\\Documents\\Pathfinder_Coding\\Pathfinder-Development\\backend\\vendor\\laravel\\framework\\src\\Illuminate\\Database\\Query\\Builder.php(2902): Illuminate\\Database\\Query\\Builder->runSelect()
#13 C:\\Users\\pasic\\Documents\\Pathfinder_Coding\\Pathfinder-Development\\backend\\vendor\\laravel\\framework\\src\\Illuminate\\Database\\Query\\Builder.php(3456): Illuminate\\Database\\Query\\Builder->{closure:Illuminate\\Database\\Query\\Builder::get():2901}()
#14 C:\\Users\\pasic\\Documents\\Pathfinder_Coding\\Pathfinder-Development\\backend\\vendor\\laravel\\framework\\src\\Illuminate\\Database\\Query\\Builder.php(2901): Illuminate\\Database\\Query\\Builder->onceWithColumns()
#15 C:\\Users\\pasic\\Documents\\Pathfinder_Coding\\Pathfinder-Development\\backend\\vendor\\laravel\\framework\\src\\Illuminate\\Database\\Query\\Builder.php(3383): Illuminate\\Database\\Query\\Builder->get()
#16 C:\\Users\\pasic\\Documents\\Pathfinder_Coding\\Pathfinder-Development\\backend\\vendor\\laravel\\framework\\src\\Illuminate\\Database\\Query\\Builder.php(3311): Illuminate\\Database\\Query\\Builder->aggregate()
#17 C:\\Users\\pasic\\Documents\\Pathfinder_Coding\\Pathfinder-Development\\backend\\vendor\\laravel\\framework\\src\\Illuminate\\Validation\\DatabasePresenceVerifier.php(54): Illuminate\\Database\\Query\\Builder->count()
#18 C:\\Users\\pasic\\Documents\\Pathfinder_Coding\\Pathfinder-Development\\backend\\vendor\\laravel\\framework\\src\\Illuminate\\Validation\\Concerns\\ValidatesAttributes.php(948): Illuminate\\Validation\\DatabasePresenceVerifier->getCount()
#19 C:\\Users\\pasic\\Documents\\Pathfinder_Coding\\Pathfinder-Development\\backend\\vendor\\laravel\\framework\\src\\Illuminate\\Validation\\Validator.php(660): Illuminate\\Validation\\Validator->validateUnique()
#20 C:\\Users\\pasic\\Documents\\Pathfinder_Coding\\Pathfinder-Development\\backend\\vendor\\laravel\\framework\\src\\Illuminate\\Validation\\Validator.php(459): Illuminate\\Validation\\Validator->validateAttribute()
#21 C:\\Users\\pasic\\Documents\\Pathfinder_Coding\\Pathfinder-Development\\backend\\vendor\\laravel\\framework\\src\\Illuminate\\Validation\\Validator.php(494): Illuminate\\Validation\\Validator->passes()
#22 C:\\Users\\pasic\\Documents\\Pathfinder_Coding\\Pathfinder-Development\\backend\\app\\Http\\Controllers\\ApplicantController.php(24): Illuminate\\Validation\\Validator->fails()
#23 C:\\Users\\pasic\\Documents\\Pathfinder_Coding\\Pathfinder-Development\\backend\\vendor\\laravel\\framework\\src\\Illuminate\\Routing\\Controller.php(54): App\\Http\\Controllers\\ApplicantController->store()
#24 C:\\Users\\pasic\\Documents\\Pathfinder_Coding\\Pathfinder-Development\\backend\\vendor\\laravel\\framework\\src\\Illuminate\\Routing\\ControllerDispatcher.php(43): Illuminate\\Routing\\Controller->callAction()
#25 C:\\Users\\pasic\\Documents\\Pathfinder_Coding\\Pathfinder-Development\\backend\\vendor\\laravel\\framework\\src\\Illuminate\\Routing\\Route.php(259): Illuminate\\Routing\\ControllerDispatcher->dispatch()
#26 C:\\Users\\pasic\\Documents\\Pathfinder_Coding\\Pathfinder-Development\\backend\\vendor\\laravel\\framework\\src\\Illuminate\\Routing\\Route.php(205): Illuminate\\Routing\\Route->runController()
#27 C:\\Users\\pasic\\Documents\\Pathfinder_Coding\\Pathfinder-Development\\backend\\vendor\\laravel\\framework\\src\\Illuminate\\Routing\\Router.php(806): Illuminate\\Routing\\Route->run()
#28 C:\\Users\\pasic\\Documents\\Pathfinder_Coding\\Pathfinder-Development\\backend\\vendor\\laravel\\framework\\src\\Illuminate\\Pipeline\\Pipeline.php(144): Illuminate\\Routing\\Router->{closure:Illuminate\\Routing\\Router::runRouteWithinStack():805}()
#29 C:\\Users\\pasic\\Documents\\Pathfinder_Coding\\Pathfinder-Development\\backend\\vendor\\laravel\\framework\\src\\Illuminate\\Routing\\Middleware\\SubstituteBindings.php(50): Illuminate\\Pipeline\\Pipeline->{closure:Illuminate\\Pipeline\\Pipeline::prepareDestination():142}()
#30 C:\\Users\\pasic\\Documents\\Pathfinder_Coding\\Pathfinder-Development\\backend\\vendor\\laravel\\framework\\src\\Illuminate\\Pipeline\\Pipeline.php(183): Illuminate\\Routing\\Middleware\\SubstituteBindings->handle()
#31 C:\\Users\\pasic\\Documents\\Pathfinder_Coding\\Pathfinder-Development\\backend\\vendor\\laravel\\framework\\src\\Illuminate\\Routing\\Middleware\\ThrottleRequests.php(159): Illuminate\\Pipeline\\Pipeline->{closure:{closure:Illuminate\\Pipeline\\Pipeline::carry():158}:159}()
#32 C:\\Users\\pasic\\Documents\\Pathfinder_Coding\\Pathfinder-Development\\backend\\vendor\\laravel\\framework\\src\\Illuminate\\Routing\\Middleware\\ThrottleRequests.php(125): Illuminate\\Routing\\Middleware\\ThrottleRequests->handleRequest()
#33 C:\\Users\\pasic\\Documents\\Pathfinder_Coding\\Pathfinder-Development\\backend\\vendor\\laravel\\framework\\src\\Illuminate\\Routing\\Middleware\\ThrottleRequests.php(87): Illuminate\\Routing\\Middleware\\ThrottleRequests->handleRequestUsingNamedLimiter()
#34 C:\\Users\\pasic\\Documents\\Pathfinder_Coding\\Pathfinder-Development\\backend\\vendor\\laravel\\framework\\src\\Illuminate\\Pipeline\\Pipeline.php(183): Illuminate\\Routing\\Middleware\\ThrottleRequests->handle()
#35 C:\\Users\\pasic\\Documents\\Pathfinder_Coding\\Pathfinder-Development\\backend\\vendor\\laravel\\framework\\src\\Illuminate\\Pipeline\\Pipeline.php(119): Illuminate\\Pipeline\\Pipeline->{closure:{closure:Illuminate\\Pipeline\\Pipeline::carry():158}:159}()
#36 C:\\Users\\pasic\\Documents\\Pathfinder_Coding\\Pathfinder-Development\\backend\\vendor\\laravel\\framework\\src\\Illuminate\\Routing\\Router.php(805): Illuminate\\Pipeline\\Pipeline->then()
#37 C:\\Users\\pasic\\Documents\\Pathfinder_Coding\\Pathfinder-Development\\backend\\vendor\\laravel\\framework\\src\\Illuminate\\Routing\\Router.php(784): Illuminate\\Routing\\Router->runRouteWithinStack()
#38 C:\\Users\\pasic\\Documents\\Pathfinder_Coding\\Pathfinder-Development\\backend\\vendor\\laravel\\framework\\src\\Illuminate\\Routing\\Router.php(748): Illuminate\\Routing\\Router->runRoute()
#39 C:\\Users\\pasic\\Documents\\Pathfinder_Coding\\Pathfinder-Development\\backend\\vendor\\laravel\\framework\\src\\Illuminate\\Routing\\Router.php(737): Illuminate\\Routing\\Router->dispatchToRoute()
#40 C:\\Users\\pasic\\Documents\\Pathfinder_Coding\\Pathfinder-Development\\backend\\vendor\\laravel\\framework\\src\\Illuminate\\Foundation\\Http\\Kernel.php(200): Illuminate\\Routing\\Router->dispatch()
#41 C:\\Users\\pasic\\Documents\\Pathfinder_Coding\\Pathfinder-Development\\backend\\vendor\\laravel\\framework\\src\\Illuminate\\Pipeline\\Pipeline.php(144): Illuminate\\Foundation\\Http\\Kernel->{closure:Illuminate\\Foundation\\Http\\Kernel::dispatchToRouter():197}()
#42 C:\\Users\\pasic\\Documents\\Pathfinder_Coding\\Pathfinder-Development\\backend\\vendor\\laravel\\framework\\src\\Illuminate\\Foundation\\Http\\Middleware\\TransformsRequest.php(21): Illuminate\\Pipeline\\Pipeline->{closure:Illuminate\\Pipeline\\Pipeline::prepareDestination():142}()
#43 C:\\Users\\pasic\\Documents\\Pathfinder_Coding\\Pathfinder-Development\\backend\\vendor\\laravel\\framework\\src\\Illuminate\\Foundation\\Http\\Middleware\\ConvertEmptyStringsToNull.php(31): Illuminate\\Foundation\\Http\\Middleware\\TransformsRequest->handle()
#44 C:\\Users\\pasic\\Documents\\Pathfinder_Coding\\Pathfinder-Development\\backend\\vendor\\laravel\\framework\\src\\Illuminate\\Pipeline\\Pipeline.php(183): Illuminate\\Foundation\\Http\\Middleware\\ConvertEmptyStringsToNull->handle()
#45 C:\\Users\\pasic\\Documents\\Pathfinder_Coding\\Pathfinder-Development\\backend\\vendor\\laravel\\framework\\src\\Illuminate\\Foundation\\Http\\Middleware\\TransformsRequest.php(21): Illuminate\\Pipeline\\Pipeline->{closure:{closure:Illuminate\\Pipeline\\Pipeline::carry():158}:159}()
#46 C:\\Users\\pasic\\Documents\\Pathfinder_Coding\\Pathfinder-Development\\backend\\vendor\\laravel\\framework\\src\\Illuminate\\Foundation\\Http\\Middleware\\TrimStrings.php(40): Illuminate\\Foundation\\Http\\Middleware\\TransformsRequest->handle()
#47 C:\\Users\\pasic\\Documents\\Pathfinder_Coding\\Pathfinder-Development\\backend\\vendor\\laravel\\framework\\src\\Illuminate\\Pipeline\\Pipeline.php(183): Illuminate\\Foundation\\Http\\Middleware\\TrimStrings->handle()
#48 C:\\Users\\pasic\\Documents\\Pathfinder_Coding\\Pathfinder-Development\\backend\\vendor\\laravel\\framework\\src\\Illuminate\\Foundation\\Http\\Middleware\\ValidatePostSize.php(27): Illuminate\\Pipeline\\Pipeline->{closure:{closure:Illuminate\\Pipeline\\Pipeline::carry():158}:159}()
#49 C:\\Users\\pasic\\Documents\\Pathfinder_Coding\\Pathfinder-Development\\backend\\vendor\\laravel\\framework\\src\\Illuminate\\Pipeline\\Pipeline.php(183): Illuminate\\Foundation\\Http\\Middleware\\ValidatePostSize->handle()
#50 C:\\Users\\pasic\\Documents\\Pathfinder_Coding\\Pathfinder-Development\\backend\\vendor\\laravel\\framework\\src\\Illuminate\\Foundation\\Http\\Middleware\\PreventRequestsDuringMaintenance.php(99): Illuminate\\Pipeline\\Pipeline->{closure:{closure:Illuminate\\Pipeline\\Pipeline::carry():158}:159}()
#51 C:\\Users\\pasic\\Documents\\Pathfinder_Coding\\Pathfinder-Development\\backend\\vendor\\laravel\\framework\\src\\Illuminate\\Pipeline\\Pipeline.php(183): Illuminate\\Foundation\\Http\\Middleware\\PreventRequestsDuringMaintenance->handle()
#52 C:\\Users\\pasic\\Documents\\Pathfinder_Coding\\Pathfinder-Development\\backend\\vendor\\laravel\\framework\\src\\Illuminate\\Http\\Middleware\\HandleCors.php(62): Illuminate\\Pipeline\\Pipeline->{closure:{closure:Illuminate\\Pipeline\\Pipeline::carry():158}:159}()
#53 C:\\Users\\pasic\\Documents\\Pathfinder_Coding\\Pathfinder-Development\\backend\\vendor\\laravel\\framework\\src\\Illuminate\\Pipeline\\Pipeline.php(183): Illuminate\\Http\\Middleware\\HandleCors->handle()
#54 C:\\Users\\pasic\\Documents\\Pathfinder_Coding\\Pathfinder-Development\\backend\\vendor\\laravel\\framework\\src\\Illuminate\\Http\\Middleware\\TrustProxies.php(39): Illuminate\\Pipeline\\Pipeline->{closure:{closure:Illuminate\\Pipeline\\Pipeline::carry():158}:159}()
#55 C:\\Users\\pasic\\Documents\\Pathfinder_Coding\\Pathfinder-Development\\backend\\vendor\\laravel\\framework\\src\\Illuminate\\Pipeline\\Pipeline.php(183): Illuminate\\Http\\Middleware\\TrustProxies->handle()
#56 C:\\Users\\pasic\\Documents\\Pathfinder_Coding\\Pathfinder-Development\\backend\\vendor\\laravel\\framework\\src\\Illuminate\\Pipeline\\Pipeline.php(119): Illuminate\\Pipeline\\Pipeline->{closure:{closure:Illuminate\\Pipeline\\Pipeline::carry():158}:159}()
#57 C:\\Users\\pasic\\Documents\\Pathfinder_Coding\\Pathfinder-Development\\backend\\vendor\\laravel\\framework\\src\\Illuminate\\Foundation\\Http\\Kernel.php(175): Illuminate\\Pipeline\\Pipeline->then()
#58 C:\\Users\\pasic\\Documents\\Pathfinder_Coding\\Pathfinder-Development\\backend\\vendor\\laravel\\framework\\src\\Illuminate\\Foundation\\Http\\Kernel.php(144): Illuminate\\Foundation\\Http\\Kernel->sendRequestThroughRouter()
#59 C:\\Users\\pasic\\Documents\\Pathfinder_Coding\\Pathfinder-Development\\backend\\public\\index.php(51): Illuminate\\Foundation\\Http\\Kernel->handle()
#60 C:\\Users\\pasic\\Documents\\Pathfinder_Coding\\Pathfinder-Development\\backend\\vendor\\laravel\\framework\\src\\Illuminate\\Foundation\\resources\\server.php(16): require_once('...')
#61 {main}
"} 
[2025-07-22 16:06:52] local.ERROR: could not find driver (Connection: mysql, SQL: select count(*) as aggregate from `Applicant` where `emailAddress` = abc123@gmail.com) {"exception":"[object] (Illuminate\\Database\\QueryException(code: 0): could not find driver (Connection: mysql, SQL: select count(*) as aggregate from `Applicant` where `emailAddress` = abc123@gmail.com) at C:\\Users\\pasic\\Documents\\Pathfinder_Coding\\Pathfinder-Development\\backend\\vendor\\laravel\\framework\\src\\Illuminate\\Database\\Connection.php:829)
[stacktrace]
#0 C:\\Users\\pasic\\Documents\\Pathfinder_Coding\\Pathfinder-Development\\backend\\vendor\\laravel\\framework\\src\\Illuminate\\Database\\Connection.php(783): Illuminate\\Database\\Connection->runQueryCallback()
#1 C:\\Users\\pasic\\Documents\\Pathfinder_Coding\\Pathfinder-Development\\backend\\vendor\\laravel\\framework\\src\\Illuminate\\Database\\Connection.php(414): Illuminate\\Database\\Connection->run()
#2 C:\\Users\\pasic\\Documents\\Pathfinder_Coding\\Pathfinder-Development\\backend\\vendor\\laravel\\framework\\src\\Illuminate\\Database\\Query\\Builder.php(2913): Illuminate\\Database\\Connection->select()
#3 C:\\Users\\pasic\\Documents\\Pathfinder_Coding\\Pathfinder-Development\\backend\\vendor\\laravel\\framework\\src\\Illuminate\\Database\\Query\\Builder.php(2902): Illuminate\\Database\\Query\\Builder->runSelect()
#4 C:\\Users\\pasic\\Documents\\Pathfinder_Coding\\Pathfinder-Development\\backend\\vendor\\laravel\\framework\\src\\Illuminate\\Database\\Query\\Builder.php(3456): Illuminate\\Database\\Query\\Builder->{closure:Illuminate\\Database\\Query\\Builder::get():2901}()
#5 C:\\Users\\pasic\\Documents\\Pathfinder_Coding\\Pathfinder-Development\\backend\\vendor\\laravel\\framework\\src\\Illuminate\\Database\\Query\\Builder.php(2901): Illuminate\\Database\\Query\\Builder->onceWithColumns()
#6 C:\\Users\\pasic\\Documents\\Pathfinder_Coding\\Pathfinder-Development\\backend\\vendor\\laravel\\framework\\src\\Illuminate\\Database\\Query\\Builder.php(3383): Illuminate\\Database\\Query\\Builder->get()
#7 C:\\Users\\pasic\\Documents\\Pathfinder_Coding\\Pathfinder-Development\\backend\\vendor\\laravel\\framework\\src\\Illuminate\\Database\\Query\\Builder.php(3311): Illuminate\\Database\\Query\\Builder->aggregate()
#8 C:\\Users\\pasic\\Documents\\Pathfinder_Coding\\Pathfinder-Development\\backend\\vendor\\laravel\\framework\\src\\Illuminate\\Validation\\DatabasePresenceVerifier.php(54): Illuminate\\Database\\Query\\Builder->count()
#9 C:\\Users\\pasic\\Documents\\Pathfinder_Coding\\Pathfinder-Development\\backend\\vendor\\laravel\\framework\\src\\Illuminate\\Validation\\Concerns\\ValidatesAttributes.php(948): Illuminate\\Validation\\DatabasePresenceVerifier->getCount()
#10 C:\\Users\\pasic\\Documents\\Pathfinder_Coding\\Pathfinder-Development\\backend\\vendor\\laravel\\framework\\src\\Illuminate\\Validation\\Validator.php(660): Illuminate\\Validation\\Validator->validateUnique()
#11 C:\\Users\\pasic\\Documents\\Pathfinder_Coding\\Pathfinder-Development\\backend\\vendor\\laravel\\framework\\src\\Illuminate\\Validation\\Validator.php(459): Illuminate\\Validation\\Validator->validateAttribute()
#12 C:\\Users\\pasic\\Documents\\Pathfinder_Coding\\Pathfinder-Development\\backend\\vendor\\laravel\\framework\\src\\Illuminate\\Validation\\Validator.php(494): Illuminate\\Validation\\Validator->passes()
#13 C:\\Users\\pasic\\Documents\\Pathfinder_Coding\\Pathfinder-Development\\backend\\app\\Http\\Controllers\\ApplicantController.php(24): Illuminate\\Validation\\Validator->fails()
#14 C:\\Users\\pasic\\Documents\\Pathfinder_Coding\\Pathfinder-Development\\backend\\vendor\\laravel\\framework\\src\\Illuminate\\Routing\\Controller.php(54): App\\Http\\Controllers\\ApplicantController->store()
#15 C:\\Users\\pasic\\Documents\\Pathfinder_Coding\\Pathfinder-Development\\backend\\vendor\\laravel\\framework\\src\\Illuminate\\Routing\\ControllerDispatcher.php(43): Illuminate\\Routing\\Controller->callAction()
#16 C:\\Users\\pasic\\Documents\\Pathfinder_Coding\\Pathfinder-Development\\backend\\vendor\\laravel\\framework\\src\\Illuminate\\Routing\\Route.php(259): Illuminate\\Routing\\ControllerDispatcher->dispatch()
#17 C:\\Users\\pasic\\Documents\\Pathfinder_Coding\\Pathfinder-Development\\backend\\vendor\\laravel\\framework\\src\\Illuminate\\Routing\\Route.php(205): Illuminate\\Routing\\Route->runController()
#18 C:\\Users\\pasic\\Documents\\Pathfinder_Coding\\Pathfinder-Development\\backend\\vendor\\laravel\\framework\\src\\Illuminate\\Routing\\Router.php(806): Illuminate\\Routing\\Route->run()
#19 C:\\Users\\pasic\\Documents\\Pathfinder_Coding\\Pathfinder-Development\\backend\\vendor\\laravel\\framework\\src\\Illuminate\\Pipeline\\Pipeline.php(144): Illuminate\\Routing\\Router->{closure:Illuminate\\Routing\\Router::runRouteWithinStack():805}()
#20 C:\\Users\\pasic\\Documents\\Pathfinder_Coding\\Pathfinder-Development\\backend\\vendor\\laravel\\framework\\src\\Illuminate\\Routing\\Middleware\\SubstituteBindings.php(50): Illuminate\\Pipeline\\Pipeline->{closure:Illuminate\\Pipeline\\Pipeline::prepareDestination():142}()
#21 C:\\Users\\pasic\\Documents\\Pathfinder_Coding\\Pathfinder-Development\\backend\\vendor\\laravel\\framework\\src\\Illuminate\\Pipeline\\Pipeline.php(183): Illuminate\\Routing\\Middleware\\SubstituteBindings->handle()
#22 C:\\Users\\pasic\\Documents\\Pathfinder_Coding\\Pathfinder-Development\\backend\\vendor\\laravel\\framework\\src\\Illuminate\\Routing\\Middleware\\ThrottleRequests.php(159): Illuminate\\Pipeline\\Pipeline->{closure:{closure:Illuminate\\Pipeline\\Pipeline::carry():158}:159}()
#23 C:\\Users\\pasic\\Documents\\Pathfinder_Coding\\Pathfinder-Development\\backend\\vendor\\laravel\\framework\\src\\Illuminate\\Routing\\Middleware\\ThrottleRequests.php(125): Illuminate\\Routing\\Middleware\\ThrottleRequests->handleRequest()
#24 C:\\Users\\pasic\\Documents\\Pathfinder_Coding\\Pathfinder-Development\\backend\\vendor\\laravel\\framework\\src\\Illuminate\\Routing\\Middleware\\ThrottleRequests.php(87): Illuminate\\Routing\\Middleware\\ThrottleRequests->handleRequestUsingNamedLimiter()
#25 C:\\Users\\pasic\\Documents\\Pathfinder_Coding\\Pathfinder-Development\\backend\\vendor\\laravel\\framework\\src\\Illuminate\\Pipeline\\Pipeline.php(183): Illuminate\\Routing\\Middleware\\ThrottleRequests->handle()
#26 C:\\Users\\pasic\\Documents\\Pathfinder_Coding\\Pathfinder-Development\\backend\\vendor\\laravel\\framework\\src\\Illuminate\\Pipeline\\Pipeline.php(119): Illuminate\\Pipeline\\Pipeline->{closure:{closure:Illuminate\\Pipeline\\Pipeline::carry():158}:159}()
#27 C:\\Users\\pasic\\Documents\\Pathfinder_Coding\\Pathfinder-Development\\backend\\vendor\\laravel\\framework\\src\\Illuminate\\Routing\\Router.php(805): Illuminate\\Pipeline\\Pipeline->then()
#28 C:\\Users\\pasic\\Documents\\Pathfinder_Coding\\Pathfinder-Development\\backend\\vendor\\laravel\\framework\\src\\Illuminate\\Routing\\Router.php(784): Illuminate\\Routing\\Router->runRouteWithinStack()
#29 C:\\Users\\pasic\\Documents\\Pathfinder_Coding\\Pathfinder-Development\\backend\\vendor\\laravel\\framework\\src\\Illuminate\\Routing\\Router.php(748): Illuminate\\Routing\\Router->runRoute()
#30 C:\\Users\\pasic\\Documents\\Pathfinder_Coding\\Pathfinder-Development\\backend\\vendor\\laravel\\framework\\src\\Illuminate\\Routing\\Router.php(737): Illuminate\\Routing\\Router->dispatchToRoute()
#31 C:\\Users\\pasic\\Documents\\Pathfinder_Coding\\Pathfinder-Development\\backend\\vendor\\laravel\\framework\\src\\Illuminate\\Foundation\\Http\\Kernel.php(200): Illuminate\\Routing\\Router->dispatch()
#32 C:\\Users\\pasic\\Documents\\Pathfinder_Coding\\Pathfinder-Development\\backend\\vendor\\laravel\\framework\\src\\Illuminate\\Pipeline\\Pipeline.php(144): Illuminate\\Foundation\\Http\\Kernel->{closure:Illuminate\\Foundation\\Http\\Kernel::dispatchToRouter():197}()
#33 C:\\Users\\pasic\\Documents\\Pathfinder_Coding\\Pathfinder-Development\\backend\\vendor\\laravel\\framework\\src\\Illuminate\\Foundation\\Http\\Middleware\\TransformsRequest.php(21): Illuminate\\Pipeline\\Pipeline->{closure:Illuminate\\Pipeline\\Pipeline::prepareDestination():142}()
#34 C:\\Users\\pasic\\Documents\\Pathfinder_Coding\\Pathfinder-Development\\backend\\vendor\\laravel\\framework\\src\\Illuminate\\Foundation\\Http\\Middleware\\ConvertEmptyStringsToNull.php(31): Illuminate\\Foundation\\Http\\Middleware\\TransformsRequest->handle()
#35 C:\\Users\\pasic\\Documents\\Pathfinder_Coding\\Pathfinder-Development\\backend\\vendor\\laravel\\framework\\src\\Illuminate\\Pipeline\\Pipeline.php(183): Illuminate\\Foundation\\Http\\Middleware\\ConvertEmptyStringsToNull->handle()
#36 C:\\Users\\pasic\\Documents\\Pathfinder_Coding\\Pathfinder-Development\\backend\\vendor\\laravel\\framework\\src\\Illuminate\\Foundation\\Http\\Middleware\\TransformsRequest.php(21): Illuminate\\Pipeline\\Pipeline->{closure:{closure:Illuminate\\Pipeline\\Pipeline::carry():158}:159}()
#37 C:\\Users\\pasic\\Documents\\Pathfinder_Coding\\Pathfinder-Development\\backend\\vendor\\laravel\\framework\\src\\Illuminate\\Foundation\\Http\\Middleware\\TrimStrings.php(40): Illuminate\\Foundation\\Http\\Middleware\\TransformsRequest->handle()
#38 C:\\Users\\pasic\\Documents\\Pathfinder_Coding\\Pathfinder-Development\\backend\\vendor\\laravel\\framework\\src\\Illuminate\\Pipeline\\Pipeline.php(183): Illuminate\\Foundation\\Http\\Middleware\\TrimStrings->handle()
#39 C:\\Users\\pasic\\Documents\\Pathfinder_Coding\\Pathfinder-Development\\backend\\vendor\\laravel\\framework\\src\\Illuminate\\Foundation\\Http\\Middleware\\ValidatePostSize.php(27): Illuminate\\Pipeline\\Pipeline->{closure:{closure:Illuminate\\Pipeline\\Pipeline::carry():158}:159}()
#40 C:\\Users\\pasic\\Documents\\Pathfinder_Coding\\Pathfinder-Development\\backend\\vendor\\laravel\\framework\\src\\Illuminate\\Pipeline\\Pipeline.php(183): Illuminate\\Foundation\\Http\\Middleware\\ValidatePostSize->handle()
#41 C:\\Users\\pasic\\Documents\\Pathfinder_Coding\\Pathfinder-Development\\backend\\vendor\\laravel\\framework\\src\\Illuminate\\Foundation\\Http\\Middleware\\PreventRequestsDuringMaintenance.php(99): Illuminate\\Pipeline\\Pipeline->{closure:{closure:Illuminate\\Pipeline\\Pipeline::carry():158}:159}()
#42 C:\\Users\\pasic\\Documents\\Pathfinder_Coding\\Pathfinder-Development\\backend\\vendor\\laravel\\framework\\src\\Illuminate\\Pipeline\\Pipeline.php(183): Illuminate\\Foundation\\Http\\Middleware\\PreventRequestsDuringMaintenance->handle()
#43 C:\\Users\\pasic\\Documents\\Pathfinder_Coding\\Pathfinder-Development\\backend\\vendor\\laravel\\framework\\src\\Illuminate\\Http\\Middleware\\HandleCors.php(62): Illuminate\\Pipeline\\Pipeline->{closure:{closure:Illuminate\\Pipeline\\Pipeline::carry():158}:159}()
#44 C:\\Users\\pasic\\Documents\\Pathfinder_Coding\\Pathfinder-Development\\backend\\vendor\\laravel\\framework\\src\\Illuminate\\Pipeline\\Pipeline.php(183): Illuminate\\Http\\Middleware\\HandleCors->handle()
#45 C:\\Users\\pasic\\Documents\\Pathfinder_Coding\\Pathfinder-Development\\backend\\vendor\\laravel\\framework\\src\\Illuminate\\Http\\Middleware\\TrustProxies.php(39): Illuminate\\Pipeline\\Pipeline->{closure:{closure:Illuminate\\Pipeline\\Pipeline::carry():158}:159}()
#46 C:\\Users\\pasic\\Documents\\Pathfinder_Coding\\Pathfinder-Development\\backend\\vendor\\laravel\\framework\\src\\Illuminate\\Pipeline\\Pipeline.php(183): Illuminate\\Http\\Middleware\\TrustProxies->handle()
#47 C:\\Users\\pasic\\Documents\\Pathfinder_Coding\\Pathfinder-Development\\backend\\vendor\\laravel\\framework\\src\\Illuminate\\Pipeline\\Pipeline.php(119): Illuminate\\Pipeline\\Pipeline->{closure:{closure:Illuminate\\Pipeline\\Pipeline::carry():158}:159}()
#48 C:\\Users\\pasic\\Documents\\Pathfinder_Coding\\Pathfinder-Development\\backend\\vendor\\laravel\\framework\\src\\Illuminate\\Foundation\\Http\\Kernel.php(175): Illuminate\\Pipeline\\Pipeline->then()
#49 C:\\Users\\pasic\\Documents\\Pathfinder_Coding\\Pathfinder-Development\\backend\\vendor\\laravel\\framework\\src\\Illuminate\\Foundation\\Http\\Kernel.php(144): Illuminate\\Foundation\\Http\\Kernel->sendRequestThroughRouter()
#50 C:\\Users\\pasic\\Documents\\Pathfinder_Coding\\Pathfinder-Development\\backend\\public\\index.php(51): Illuminate\\Foundation\\Http\\Kernel->handle()
#51 C:\\Users\\pasic\\Documents\\Pathfinder_Coding\\Pathfinder-Development\\backend\\vendor\\laravel\\framework\\src\\Illuminate\\Foundation\\resources\\server.php(16): require_once('...')
#52 {main}

[previous exception] [object] (PDOException(code: 0): could not find driver at C:\\Users\\pasic\\Documents\\Pathfinder_Coding\\Pathfinder-Development\\backend\\vendor\\laravel\\framework\\src\\Illuminate\\Database\\Connectors\\Connector.php:65)
[stacktrace]
#0 C:\\Users\\pasic\\Documents\\Pathfinder_Coding\\Pathfinder-Development\\backend\\vendor\\laravel\\framework\\src\\Illuminate\\Database\\Connectors\\Connector.php(65): PDO->__construct()
#1 C:\\Users\\pasic\\Documents\\Pathfinder_Coding\\Pathfinder-Development\\backend\\vendor\\laravel\\framework\\src\\Illuminate\\Database\\Connectors\\Connector.php(44): Illuminate\\Database\\Connectors\\Connector->createPdoConnection()
#2 C:\\Users\\pasic\\Documents\\Pathfinder_Coding\\Pathfinder-Development\\backend\\vendor\\laravel\\framework\\src\\Illuminate\\Database\\Connectors\\MySqlConnector.php(24): Illuminate\\Database\\Connectors\\Connector->createConnection()
#3 C:\\Users\\pasic\\Documents\\Pathfinder_Coding\\Pathfinder-Development\\backend\\vendor\\laravel\\framework\\src\\Illuminate\\Database\\Connectors\\ConnectionFactory.php(184): Illuminate\\Database\\Connectors\\MySqlConnector->connect()
#4 [internal function]: Illuminate\\Database\\Connectors\\ConnectionFactory->{closure:Illuminate\\Database\\Connectors\\ConnectionFactory::createPdoResolverWithHosts():179}()
#5 C:\\Users\\pasic\\Documents\\Pathfinder_Coding\\Pathfinder-Development\\backend\\vendor\\laravel\\framework\\src\\Illuminate\\Database\\Connection.php(1339): call_user_func()
#6 C:\\Users\\pasic\\Documents\\Pathfinder_Coding\\Pathfinder-Development\\backend\\vendor\\laravel\\framework\\src\\Illuminate\\Database\\Connection.php(528): Illuminate\\Database\\Connection->getPdo()
#7 C:\\Users\\pasic\\Documents\\Pathfinder_Coding\\Pathfinder-Development\\backend\\vendor\\laravel\\framework\\src\\Illuminate\\Database\\Connection.php(423): Illuminate\\Database\\Connection->getPdoForSelect()
#8 C:\\Users\\pasic\\Documents\\Pathfinder_Coding\\Pathfinder-Development\\backend\\vendor\\laravel\\framework\\src\\Illuminate\\Database\\Connection.php(816): Illuminate\\Database\\Connection->{closure:Illuminate\\Database\\Connection::select():414}()
#9 C:\\Users\\pasic\\Documents\\Pathfinder_Coding\\Pathfinder-Development\\backend\\vendor\\laravel\\framework\\src\\Illuminate\\Database\\Connection.php(783): Illuminate\\Database\\Connection->runQueryCallback()
#10 C:\\Users\\pasic\\Documents\\Pathfinder_Coding\\Pathfinder-Development\\backend\\vendor\\laravel\\framework\\src\\Illuminate\\Database\\Connection.php(414): Illuminate\\Database\\Connection->run()
#11 C:\\Users\\pasic\\Documents\\Pathfinder_Coding\\Pathfinder-Development\\backend\\vendor\\laravel\\framework\\src\\Illuminate\\Database\\Query\\Builder.php(2913): Illuminate\\Database\\Connection->select()
#12 C:\\Users\\pasic\\Documents\\Pathfinder_Coding\\Pathfinder-Development\\backend\\vendor\\laravel\\framework\\src\\Illuminate\\Database\\Query\\Builder.php(2902): Illuminate\\Database\\Query\\Builder->runSelect()
#13 C:\\Users\\pasic\\Documents\\Pathfinder_Coding\\Pathfinder-Development\\backend\\vendor\\laravel\\framework\\src\\Illuminate\\Database\\Query\\Builder.php(3456): Illuminate\\Database\\Query\\Builder->{closure:Illuminate\\Database\\Query\\Builder::get():2901}()
#14 C:\\Users\\pasic\\Documents\\Pathfinder_Coding\\Pathfinder-Development\\backend\\vendor\\laravel\\framework\\src\\Illuminate\\Database\\Query\\Builder.php(2901): Illuminate\\Database\\Query\\Builder->onceWithColumns()
#15 C:\\Users\\pasic\\Documents\\Pathfinder_Coding\\Pathfinder-Development\\backend\\vendor\\laravel\\framework\\src\\Illuminate\\Database\\Query\\Builder.php(3383): Illuminate\\Database\\Query\\Builder->get()
#16 C:\\Users\\pasic\\Documents\\Pathfinder_Coding\\Pathfinder-Development\\backend\\vendor\\laravel\\framework\\src\\Illuminate\\Database\\Query\\Builder.php(3311): Illuminate\\Database\\Query\\Builder->aggregate()
#17 C:\\Users\\pasic\\Documents\\Pathfinder_Coding\\Pathfinder-Development\\backend\\vendor\\laravel\\framework\\src\\Illuminate\\Validation\\DatabasePresenceVerifier.php(54): Illuminate\\Database\\Query\\Builder->count()
#18 C:\\Users\\pasic\\Documents\\Pathfinder_Coding\\Pathfinder-Development\\backend\\vendor\\laravel\\framework\\src\\Illuminate\\Validation\\Concerns\\ValidatesAttributes.php(948): Illuminate\\Validation\\DatabasePresenceVerifier->getCount()
#19 C:\\Users\\pasic\\Documents\\Pathfinder_Coding\\Pathfinder-Development\\backend\\vendor\\laravel\\framework\\src\\Illuminate\\Validation\\Validator.php(660): Illuminate\\Validation\\Validator->validateUnique()
#20 C:\\Users\\pasic\\Documents\\Pathfinder_Coding\\Pathfinder-Development\\backend\\vendor\\laravel\\framework\\src\\Illuminate\\Validation\\Validator.php(459): Illuminate\\Validation\\Validator->validateAttribute()
#21 C:\\Users\\pasic\\Documents\\Pathfinder_Coding\\Pathfinder-Development\\backend\\vendor\\laravel\\framework\\src\\Illuminate\\Validation\\Validator.php(494): Illuminate\\Validation\\Validator->passes()
#22 C:\\Users\\pasic\\Documents\\Pathfinder_Coding\\Pathfinder-Development\\backend\\app\\Http\\Controllers\\ApplicantController.php(24): Illuminate\\Validation\\Validator->fails()
#23 C:\\Users\\pasic\\Documents\\Pathfinder_Coding\\Pathfinder-Development\\backend\\vendor\\laravel\\framework\\src\\Illuminate\\Routing\\Controller.php(54): App\\Http\\Controllers\\ApplicantController->store()
#24 C:\\Users\\pasic\\Documents\\Pathfinder_Coding\\Pathfinder-Development\\backend\\vendor\\laravel\\framework\\src\\Illuminate\\Routing\\ControllerDispatcher.php(43): Illuminate\\Routing\\Controller->callAction()
#25 C:\\Users\\pasic\\Documents\\Pathfinder_Coding\\Pathfinder-Development\\backend\\vendor\\laravel\\framework\\src\\Illuminate\\Routing\\Route.php(259): Illuminate\\Routing\\ControllerDispatcher->dispatch()
#26 C:\\Users\\pasic\\Documents\\Pathfinder_Coding\\Pathfinder-Development\\backend\\vendor\\laravel\\framework\\src\\Illuminate\\Routing\\Route.php(205): Illuminate\\Routing\\Route->runController()
#27 C:\\Users\\pasic\\Documents\\Pathfinder_Coding\\Pathfinder-Development\\backend\\vendor\\laravel\\framework\\src\\Illuminate\\Routing\\Router.php(806): Illuminate\\Routing\\Route->run()
#28 C:\\Users\\pasic\\Documents\\Pathfinder_Coding\\Pathfinder-Development\\backend\\vendor\\laravel\\framework\\src\\Illuminate\\Pipeline\\Pipeline.php(144): Illuminate\\Routing\\Router->{closure:Illuminate\\Routing\\Router::runRouteWithinStack():805}()
#29 C:\\Users\\pasic\\Documents\\Pathfinder_Coding\\Pathfinder-Development\\backend\\vendor\\laravel\\framework\\src\\Illuminate\\Routing\\Middleware\\SubstituteBindings.php(50): Illuminate\\Pipeline\\Pipeline->{closure:Illuminate\\Pipeline\\Pipeline::prepareDestination():142}()
#30 C:\\Users\\pasic\\Documents\\Pathfinder_Coding\\Pathfinder-Development\\backend\\vendor\\laravel\\framework\\src\\Illuminate\\Pipeline\\Pipeline.php(183): Illuminate\\Routing\\Middleware\\SubstituteBindings->handle()
#31 C:\\Users\\pasic\\Documents\\Pathfinder_Coding\\Pathfinder-Development\\backend\\vendor\\laravel\\framework\\src\\Illuminate\\Routing\\Middleware\\ThrottleRequests.php(159): Illuminate\\Pipeline\\Pipeline->{closure:{closure:Illuminate\\Pipeline\\Pipeline::carry():158}:159}()
#32 C:\\Users\\pasic\\Documents\\Pathfinder_Coding\\Pathfinder-Development\\backend\\vendor\\laravel\\framework\\src\\Illuminate\\Routing\\Middleware\\ThrottleRequests.php(125): Illuminate\\Routing\\Middleware\\ThrottleRequests->handleRequest()
#33 C:\\Users\\pasic\\Documents\\Pathfinder_Coding\\Pathfinder-Development\\backend\\vendor\\laravel\\framework\\src\\Illuminate\\Routing\\Middleware\\ThrottleRequests.php(87): Illuminate\\Routing\\Middleware\\ThrottleRequests->handleRequestUsingNamedLimiter()
#34 C:\\Users\\pasic\\Documents\\Pathfinder_Coding\\Pathfinder-Development\\backend\\vendor\\laravel\\framework\\src\\Illuminate\\Pipeline\\Pipeline.php(183): Illuminate\\Routing\\Middleware\\ThrottleRequests->handle()
#35 C:\\Users\\pasic\\Documents\\Pathfinder_Coding\\Pathfinder-Development\\backend\\vendor\\laravel\\framework\\src\\Illuminate\\Pipeline\\Pipeline.php(119): Illuminate\\Pipeline\\Pipeline->{closure:{closure:Illuminate\\Pipeline\\Pipeline::carry():158}:159}()
#36 C:\\Users\\pasic\\Documents\\Pathfinder_Coding\\Pathfinder-Development\\backend\\vendor\\laravel\\framework\\src\\Illuminate\\Routing\\Router.php(805): Illuminate\\Pipeline\\Pipeline->then()
#37 C:\\Users\\pasic\\Documents\\Pathfinder_Coding\\Pathfinder-Development\\backend\\vendor\\laravel\\framework\\src\\Illuminate\\Routing\\Router.php(784): Illuminate\\Routing\\Router->runRouteWithinStack()
#38 C:\\Users\\pasic\\Documents\\Pathfinder_Coding\\Pathfinder-Development\\backend\\vendor\\laravel\\framework\\src\\Illuminate\\Routing\\Router.php(748): Illuminate\\Routing\\Router->runRoute()
#39 C:\\Users\\pasic\\Documents\\Pathfinder_Coding\\Pathfinder-Development\\backend\\vendor\\laravel\\framework\\src\\Illuminate\\Routing\\Router.php(737): Illuminate\\Routing\\Router->dispatchToRoute()
#40 C:\\Users\\pasic\\Documents\\Pathfinder_Coding\\Pathfinder-Development\\backend\\vendor\\laravel\\framework\\src\\Illuminate\\Foundation\\Http\\Kernel.php(200): Illuminate\\Routing\\Router->dispatch()
#41 C:\\Users\\pasic\\Documents\\Pathfinder_Coding\\Pathfinder-Development\\backend\\vendor\\laravel\\framework\\src\\Illuminate\\Pipeline\\Pipeline.php(144): Illuminate\\Foundation\\Http\\Kernel->{closure:Illuminate\\Foundation\\Http\\Kernel::dispatchToRouter():197}()
#42 C:\\Users\\pasic\\Documents\\Pathfinder_Coding\\Pathfinder-Development\\backend\\vendor\\laravel\\framework\\src\\Illuminate\\Foundation\\Http\\Middleware\\TransformsRequest.php(21): Illuminate\\Pipeline\\Pipeline->{closure:Illuminate\\Pipeline\\Pipeline::prepareDestination():142}()
#43 C:\\Users\\pasic\\Documents\\Pathfinder_Coding\\Pathfinder-Development\\backend\\vendor\\laravel\\framework\\src\\Illuminate\\Foundation\\Http\\Middleware\\ConvertEmptyStringsToNull.php(31): Illuminate\\Foundation\\Http\\Middleware\\TransformsRequest->handle()
#44 C:\\Users\\pasic\\Documents\\Pathfinder_Coding\\Pathfinder-Development\\backend\\vendor\\laravel\\framework\\src\\Illuminate\\Pipeline\\Pipeline.php(183): Illuminate\\Foundation\\Http\\Middleware\\ConvertEmptyStringsToNull->handle()
#45 C:\\Users\\pasic\\Documents\\Pathfinder_Coding\\Pathfinder-Development\\backend\\vendor\\laravel\\framework\\src\\Illuminate\\Foundation\\Http\\Middleware\\TransformsRequest.php(21): Illuminate\\Pipeline\\Pipeline->{closure:{closure:Illuminate\\Pipeline\\Pipeline::carry():158}:159}()
#46 C:\\Users\\pasic\\Documents\\Pathfinder_Coding\\Pathfinder-Development\\backend\\vendor\\laravel\\framework\\src\\Illuminate\\Foundation\\Http\\Middleware\\TrimStrings.php(40): Illuminate\\Foundation\\Http\\Middleware\\TransformsRequest->handle()
#47 C:\\Users\\pasic\\Documents\\Pathfinder_Coding\\Pathfinder-Development\\backend\\vendor\\laravel\\framework\\src\\Illuminate\\Pipeline\\Pipeline.php(183): Illuminate\\Foundation\\Http\\Middleware\\TrimStrings->handle()
#48 C:\\Users\\pasic\\Documents\\Pathfinder_Coding\\Pathfinder-Development\\backend\\vendor\\laravel\\framework\\src\\Illuminate\\Foundation\\Http\\Middleware\\ValidatePostSize.php(27): Illuminate\\Pipeline\\Pipeline->{closure:{closure:Illuminate\\Pipeline\\Pipeline::carry():158}:159}()
#49 C:\\Users\\pasic\\Documents\\Pathfinder_Coding\\Pathfinder-Development\\backend\\vendor\\laravel\\framework\\src\\Illuminate\\Pipeline\\Pipeline.php(183): Illuminate\\Foundation\\Http\\Middleware\\ValidatePostSize->handle()
#50 C:\\Users\\pasic\\Documents\\Pathfinder_Coding\\Pathfinder-Development\\backend\\vendor\\laravel\\framework\\src\\Illuminate\\Foundation\\Http\\Middleware\\PreventRequestsDuringMaintenance.php(99): Illuminate\\Pipeline\\Pipeline->{closure:{closure:Illuminate\\Pipeline\\Pipeline::carry():158}:159}()
#51 C:\\Users\\pasic\\Documents\\Pathfinder_Coding\\Pathfinder-Development\\backend\\vendor\\laravel\\framework\\src\\Illuminate\\Pipeline\\Pipeline.php(183): Illuminate\\Foundation\\Http\\Middleware\\PreventRequestsDuringMaintenance->handle()
#52 C:\\Users\\pasic\\Documents\\Pathfinder_Coding\\Pathfinder-Development\\backend\\vendor\\laravel\\framework\\src\\Illuminate\\Http\\Middleware\\HandleCors.php(62): Illuminate\\Pipeline\\Pipeline->{closure:{closure:Illuminate\\Pipeline\\Pipeline::carry():158}:159}()
#53 C:\\Users\\pasic\\Documents\\Pathfinder_Coding\\Pathfinder-Development\\backend\\vendor\\laravel\\framework\\src\\Illuminate\\Pipeline\\Pipeline.php(183): Illuminate\\Http\\Middleware\\HandleCors->handle()
#54 C:\\Users\\pasic\\Documents\\Pathfinder_Coding\\Pathfinder-Development\\backend\\vendor\\laravel\\framework\\src\\Illuminate\\Http\\Middleware\\TrustProxies.php(39): Illuminate\\Pipeline\\Pipeline->{closure:{closure:Illuminate\\Pipeline\\Pipeline::carry():158}:159}()
#55 C:\\Users\\pasic\\Documents\\Pathfinder_Coding\\Pathfinder-Development\\backend\\vendor\\laravel\\framework\\src\\Illuminate\\Pipeline\\Pipeline.php(183): Illuminate\\Http\\Middleware\\TrustProxies->handle()
#56 C:\\Users\\pasic\\Documents\\Pathfinder_Coding\\Pathfinder-Development\\backend\\vendor\\laravel\\framework\\src\\Illuminate\\Pipeline\\Pipeline.php(119): Illuminate\\Pipeline\\Pipeline->{closure:{closure:Illuminate\\Pipeline\\Pipeline::carry():158}:159}()
#57 C:\\Users\\pasic\\Documents\\Pathfinder_Coding\\Pathfinder-Development\\backend\\vendor\\laravel\\framework\\src\\Illuminate\\Foundation\\Http\\Kernel.php(175): Illuminate\\Pipeline\\Pipeline->then()
#58 C:\\Users\\pasic\\Documents\\Pathfinder_Coding\\Pathfinder-Development\\backend\\vendor\\laravel\\framework\\src\\Illuminate\\Foundation\\Http\\Kernel.php(144): Illuminate\\Foundation\\Http\\Kernel->sendRequestThroughRouter()
#59 C:\\Users\\pasic\\Documents\\Pathfinder_Coding\\Pathfinder-Development\\backend\\public\\index.php(51): Illuminate\\Foundation\\Http\\Kernel->handle()
#60 C:\\Users\\pasic\\Documents\\Pathfinder_Coding\\Pathfinder-Development\\backend\\vendor\\laravel\\framework\\src\\Illuminate\\Foundation\\resources\\server.php(16): require_once('...')
#61 {main}
"} 
[2025-07-22 16:10:58] local.ERROR: could not find driver (Connection: mysql, SQL: select count(*) as aggregate from `Applicant` where `emailAddress` = abc123@gmail.com) {"exception":"[object] (Illuminate\\Database\\QueryException(code: 0): could not find driver (Connection: mysql, SQL: select count(*) as aggregate from `Applicant` where `emailAddress` = abc123@gmail.com) at C:\\Users\\pasic\\Documents\\Pathfinder_Coding\\Pathfinder-Development\\backend\\vendor\\laravel\\framework\\src\\Illuminate\\Database\\Connection.php:829)
[stacktrace]
#0 C:\\Users\\pasic\\Documents\\Pathfinder_Coding\\Pathfinder-Development\\backend\\vendor\\laravel\\framework\\src\\Illuminate\\Database\\Connection.php(783): Illuminate\\Database\\Connection->runQueryCallback()
#1 C:\\Users\\pasic\\Documents\\Pathfinder_Coding\\Pathfinder-Development\\backend\\vendor\\laravel\\framework\\src\\Illuminate\\Database\\Connection.php(414): Illuminate\\Database\\Connection->run()
#2 C:\\Users\\pasic\\Documents\\Pathfinder_Coding\\Pathfinder-Development\\backend\\vendor\\laravel\\framework\\src\\Illuminate\\Database\\Query\\Builder.php(2913): Illuminate\\Database\\Connection->select()
#3 C:\\Users\\pasic\\Documents\\Pathfinder_Coding\\Pathfinder-Development\\backend\\vendor\\laravel\\framework\\src\\Illuminate\\Database\\Query\\Builder.php(2902): Illuminate\\Database\\Query\\Builder->runSelect()
#4 C:\\Users\\pasic\\Documents\\Pathfinder_Coding\\Pathfinder-Development\\backend\\vendor\\laravel\\framework\\src\\Illuminate\\Database\\Query\\Builder.php(3456): Illuminate\\Database\\Query\\Builder->{closure:Illuminate\\Database\\Query\\Builder::get():2901}()
#5 C:\\Users\\pasic\\Documents\\Pathfinder_Coding\\Pathfinder-Development\\backend\\vendor\\laravel\\framework\\src\\Illuminate\\Database\\Query\\Builder.php(2901): Illuminate\\Database\\Query\\Builder->onceWithColumns()
#6 C:\\Users\\pasic\\Documents\\Pathfinder_Coding\\Pathfinder-Development\\backend\\vendor\\laravel\\framework\\src\\Illuminate\\Database\\Query\\Builder.php(3383): Illuminate\\Database\\Query\\Builder->get()
#7 C:\\Users\\pasic\\Documents\\Pathfinder_Coding\\Pathfinder-Development\\backend\\vendor\\laravel\\framework\\src\\Illuminate\\Database\\Query\\Builder.php(3311): Illuminate\\Database\\Query\\Builder->aggregate()
#8 C:\\Users\\pasic\\Documents\\Pathfinder_Coding\\Pathfinder-Development\\backend\\vendor\\laravel\\framework\\src\\Illuminate\\Validation\\DatabasePresenceVerifier.php(54): Illuminate\\Database\\Query\\Builder->count()
#9 C:\\Users\\pasic\\Documents\\Pathfinder_Coding\\Pathfinder-Development\\backend\\vendor\\laravel\\framework\\src\\Illuminate\\Validation\\Concerns\\ValidatesAttributes.php(948): Illuminate\\Validation\\DatabasePresenceVerifier->getCount()
#10 C:\\Users\\pasic\\Documents\\Pathfinder_Coding\\Pathfinder-Development\\backend\\vendor\\laravel\\framework\\src\\Illuminate\\Validation\\Validator.php(660): Illuminate\\Validation\\Validator->validateUnique()
#11 C:\\Users\\pasic\\Documents\\Pathfinder_Coding\\Pathfinder-Development\\backend\\vendor\\laravel\\framework\\src\\Illuminate\\Validation\\Validator.php(459): Illuminate\\Validation\\Validator->validateAttribute()
#12 C:\\Users\\pasic\\Documents\\Pathfinder_Coding\\Pathfinder-Development\\backend\\vendor\\laravel\\framework\\src\\Illuminate\\Validation\\Validator.php(494): Illuminate\\Validation\\Validator->passes()
#13 C:\\Users\\pasic\\Documents\\Pathfinder_Coding\\Pathfinder-Development\\backend\\app\\Http\\Controllers\\ApplicantController.php(24): Illuminate\\Validation\\Validator->fails()
#14 C:\\Users\\pasic\\Documents\\Pathfinder_Coding\\Pathfinder-Development\\backend\\vendor\\laravel\\framework\\src\\Illuminate\\Routing\\Controller.php(54): App\\Http\\Controllers\\ApplicantController->store()
#15 C:\\Users\\pasic\\Documents\\Pathfinder_Coding\\Pathfinder-Development\\backend\\vendor\\laravel\\framework\\src\\Illuminate\\Routing\\ControllerDispatcher.php(43): Illuminate\\Routing\\Controller->callAction()
#16 C:\\Users\\pasic\\Documents\\Pathfinder_Coding\\Pathfinder-Development\\backend\\vendor\\laravel\\framework\\src\\Illuminate\\Routing\\Route.php(259): Illuminate\\Routing\\ControllerDispatcher->dispatch()
#17 C:\\Users\\pasic\\Documents\\Pathfinder_Coding\\Pathfinder-Development\\backend\\vendor\\laravel\\framework\\src\\Illuminate\\Routing\\Route.php(205): Illuminate\\Routing\\Route->runController()
#18 C:\\Users\\pasic\\Documents\\Pathfinder_Coding\\Pathfinder-Development\\backend\\vendor\\laravel\\framework\\src\\Illuminate\\Routing\\Router.php(806): Illuminate\\Routing\\Route->run()
#19 C:\\Users\\pasic\\Documents\\Pathfinder_Coding\\Pathfinder-Development\\backend\\vendor\\laravel\\framework\\src\\Illuminate\\Pipeline\\Pipeline.php(144): Illuminate\\Routing\\Router->{closure:Illuminate\\Routing\\Router::runRouteWithinStack():805}()
#20 C:\\Users\\pasic\\Documents\\Pathfinder_Coding\\Pathfinder-Development\\backend\\vendor\\laravel\\framework\\src\\Illuminate\\Routing\\Middleware\\SubstituteBindings.php(50): Illuminate\\Pipeline\\Pipeline->{closure:Illuminate\\Pipeline\\Pipeline::prepareDestination():142}()
#21 C:\\Users\\pasic\\Documents\\Pathfinder_Coding\\Pathfinder-Development\\backend\\vendor\\laravel\\framework\\src\\Illuminate\\Pipeline\\Pipeline.php(183): Illuminate\\Routing\\Middleware\\SubstituteBindings->handle()
#22 C:\\Users\\pasic\\Documents\\Pathfinder_Coding\\Pathfinder-Development\\backend\\vendor\\laravel\\framework\\src\\Illuminate\\Routing\\Middleware\\ThrottleRequests.php(159): Illuminate\\Pipeline\\Pipeline->{closure:{closure:Illuminate\\Pipeline\\Pipeline::carry():158}:159}()
#23 C:\\Users\\pasic\\Documents\\Pathfinder_Coding\\Pathfinder-Development\\backend\\vendor\\laravel\\framework\\src\\Illuminate\\Routing\\Middleware\\ThrottleRequests.php(125): Illuminate\\Routing\\Middleware\\ThrottleRequests->handleRequest()
#24 C:\\Users\\pasic\\Documents\\Pathfinder_Coding\\Pathfinder-Development\\backend\\vendor\\laravel\\framework\\src\\Illuminate\\Routing\\Middleware\\ThrottleRequests.php(87): Illuminate\\Routing\\Middleware\\ThrottleRequests->handleRequestUsingNamedLimiter()
#25 C:\\Users\\pasic\\Documents\\Pathfinder_Coding\\Pathfinder-Development\\backend\\vendor\\laravel\\framework\\src\\Illuminate\\Pipeline\\Pipeline.php(183): Illuminate\\Routing\\Middleware\\ThrottleRequests->handle()
#26 C:\\Users\\pasic\\Documents\\Pathfinder_Coding\\Pathfinder-Development\\backend\\vendor\\laravel\\framework\\src\\Illuminate\\Pipeline\\Pipeline.php(119): Illuminate\\Pipeline\\Pipeline->{closure:{closure:Illuminate\\Pipeline\\Pipeline::carry():158}:159}()
#27 C:\\Users\\pasic\\Documents\\Pathfinder_Coding\\Pathfinder-Development\\backend\\vendor\\laravel\\framework\\src\\Illuminate\\Routing\\Router.php(805): Illuminate\\Pipeline\\Pipeline->then()
#28 C:\\Users\\pasic\\Documents\\Pathfinder_Coding\\Pathfinder-Development\\backend\\vendor\\laravel\\framework\\src\\Illuminate\\Routing\\Router.php(784): Illuminate\\Routing\\Router->runRouteWithinStack()
#29 C:\\Users\\pasic\\Documents\\Pathfinder_Coding\\Pathfinder-Development\\backend\\vendor\\laravel\\framework\\src\\Illuminate\\Routing\\Router.php(748): Illuminate\\Routing\\Router->runRoute()
#30 C:\\Users\\pasic\\Documents\\Pathfinder_Coding\\Pathfinder-Development\\backend\\vendor\\laravel\\framework\\src\\Illuminate\\Routing\\Router.php(737): Illuminate\\Routing\\Router->dispatchToRoute()
#31 C:\\Users\\pasic\\Documents\\Pathfinder_Coding\\Pathfinder-Development\\backend\\vendor\\laravel\\framework\\src\\Illuminate\\Foundation\\Http\\Kernel.php(200): Illuminate\\Routing\\Router->dispatch()
#32 C:\\Users\\pasic\\Documents\\Pathfinder_Coding\\Pathfinder-Development\\backend\\vendor\\laravel\\framework\\src\\Illuminate\\Pipeline\\Pipeline.php(144): Illuminate\\Foundation\\Http\\Kernel->{closure:Illuminate\\Foundation\\Http\\Kernel::dispatchToRouter():197}()
#33 C:\\Users\\pasic\\Documents\\Pathfinder_Coding\\Pathfinder-Development\\backend\\vendor\\laravel\\framework\\src\\Illuminate\\Foundation\\Http\\Middleware\\TransformsRequest.php(21): Illuminate\\Pipeline\\Pipeline->{closure:Illuminate\\Pipeline\\Pipeline::prepareDestination():142}()
#34 C:\\Users\\pasic\\Documents\\Pathfinder_Coding\\Pathfinder-Development\\backend\\vendor\\laravel\\framework\\src\\Illuminate\\Foundation\\Http\\Middleware\\ConvertEmptyStringsToNull.php(31): Illuminate\\Foundation\\Http\\Middleware\\TransformsRequest->handle()
#35 C:\\Users\\pasic\\Documents\\Pathfinder_Coding\\Pathfinder-Development\\backend\\vendor\\laravel\\framework\\src\\Illuminate\\Pipeline\\Pipeline.php(183): Illuminate\\Foundation\\Http\\Middleware\\ConvertEmptyStringsToNull->handle()
#36 C:\\Users\\pasic\\Documents\\Pathfinder_Coding\\Pathfinder-Development\\backend\\vendor\\laravel\\framework\\src\\Illuminate\\Foundation\\Http\\Middleware\\TransformsRequest.php(21): Illuminate\\Pipeline\\Pipeline->{closure:{closure:Illuminate\\Pipeline\\Pipeline::carry():158}:159}()
#37 C:\\Users\\pasic\\Documents\\Pathfinder_Coding\\Pathfinder-Development\\backend\\vendor\\laravel\\framework\\src\\Illuminate\\Foundation\\Http\\Middleware\\TrimStrings.php(40): Illuminate\\Foundation\\Http\\Middleware\\TransformsRequest->handle()
#38 C:\\Users\\pasic\\Documents\\Pathfinder_Coding\\Pathfinder-Development\\backend\\vendor\\laravel\\framework\\src\\Illuminate\\Pipeline\\Pipeline.php(183): Illuminate\\Foundation\\Http\\Middleware\\TrimStrings->handle()
#39 C:\\Users\\pasic\\Documents\\Pathfinder_Coding\\Pathfinder-Development\\backend\\vendor\\laravel\\framework\\src\\Illuminate\\Foundation\\Http\\Middleware\\ValidatePostSize.php(27): Illuminate\\Pipeline\\Pipeline->{closure:{closure:Illuminate\\Pipeline\\Pipeline::carry():158}:159}()
#40 C:\\Users\\pasic\\Documents\\Pathfinder_Coding\\Pathfinder-Development\\backend\\vendor\\laravel\\framework\\src\\Illuminate\\Pipeline\\Pipeline.php(183): Illuminate\\Foundation\\Http\\Middleware\\ValidatePostSize->handle()
#41 C:\\Users\\pasic\\Documents\\Pathfinder_Coding\\Pathfinder-Development\\backend\\vendor\\laravel\\framework\\src\\Illuminate\\Foundation\\Http\\Middleware\\PreventRequestsDuringMaintenance.php(99): Illuminate\\Pipeline\\Pipeline->{closure:{closure:Illuminate\\Pipeline\\Pipeline::carry():158}:159}()
#42 C:\\Users\\pasic\\Documents\\Pathfinder_Coding\\Pathfinder-Development\\backend\\vendor\\laravel\\framework\\src\\Illuminate\\Pipeline\\Pipeline.php(183): Illuminate\\Foundation\\Http\\Middleware\\PreventRequestsDuringMaintenance->handle()
#43 C:\\Users\\pasic\\Documents\\Pathfinder_Coding\\Pathfinder-Development\\backend\\vendor\\laravel\\framework\\src\\Illuminate\\Http\\Middleware\\HandleCors.php(62): Illuminate\\Pipeline\\Pipeline->{closure:{closure:Illuminate\\Pipeline\\Pipeline::carry():158}:159}()
#44 C:\\Users\\pasic\\Documents\\Pathfinder_Coding\\Pathfinder-Development\\backend\\vendor\\laravel\\framework\\src\\Illuminate\\Pipeline\\Pipeline.php(183): Illuminate\\Http\\Middleware\\HandleCors->handle()
#45 C:\\Users\\pasic\\Documents\\Pathfinder_Coding\\Pathfinder-Development\\backend\\vendor\\laravel\\framework\\src\\Illuminate\\Http\\Middleware\\TrustProxies.php(39): Illuminate\\Pipeline\\Pipeline->{closure:{closure:Illuminate\\Pipeline\\Pipeline::carry():158}:159}()
#46 C:\\Users\\pasic\\Documents\\Pathfinder_Coding\\Pathfinder-Development\\backend\\vendor\\laravel\\framework\\src\\Illuminate\\Pipeline\\Pipeline.php(183): Illuminate\\Http\\Middleware\\TrustProxies->handle()
#47 C:\\Users\\pasic\\Documents\\Pathfinder_Coding\\Pathfinder-Development\\backend\\vendor\\laravel\\framework\\src\\Illuminate\\Pipeline\\Pipeline.php(119): Illuminate\\Pipeline\\Pipeline->{closure:{closure:Illuminate\\Pipeline\\Pipeline::carry():158}:159}()
#48 C:\\Users\\pasic\\Documents\\Pathfinder_Coding\\Pathfinder-Development\\backend\\vendor\\laravel\\framework\\src\\Illuminate\\Foundation\\Http\\Kernel.php(175): Illuminate\\Pipeline\\Pipeline->then()
#49 C:\\Users\\pasic\\Documents\\Pathfinder_Coding\\Pathfinder-Development\\backend\\vendor\\laravel\\framework\\src\\Illuminate\\Foundation\\Http\\Kernel.php(144): Illuminate\\Foundation\\Http\\Kernel->sendRequestThroughRouter()
#50 C:\\Users\\pasic\\Documents\\Pathfinder_Coding\\Pathfinder-Development\\backend\\public\\index.php(51): Illuminate\\Foundation\\Http\\Kernel->handle()
#51 C:\\Users\\pasic\\Documents\\Pathfinder_Coding\\Pathfinder-Development\\backend\\vendor\\laravel\\framework\\src\\Illuminate\\Foundation\\resources\\server.php(16): require_once('...')
#52 {main}

[previous exception] [object] (PDOException(code: 0): could not find driver at C:\\Users\\pasic\\Documents\\Pathfinder_Coding\\Pathfinder-Development\\backend\\vendor\\laravel\\framework\\src\\Illuminate\\Database\\Connectors\\Connector.php:65)
[stacktrace]
#0 C:\\Users\\pasic\\Documents\\Pathfinder_Coding\\Pathfinder-Development\\backend\\vendor\\laravel\\framework\\src\\Illuminate\\Database\\Connectors\\Connector.php(65): PDO->__construct()
#1 C:\\Users\\pasic\\Documents\\Pathfinder_Coding\\Pathfinder-Development\\backend\\vendor\\laravel\\framework\\src\\Illuminate\\Database\\Connectors\\Connector.php(44): Illuminate\\Database\\Connectors\\Connector->createPdoConnection()
#2 C:\\Users\\pasic\\Documents\\Pathfinder_Coding\\Pathfinder-Development\\backend\\vendor\\laravel\\framework\\src\\Illuminate\\Database\\Connectors\\MySqlConnector.php(24): Illuminate\\Database\\Connectors\\Connector->createConnection()
#3 C:\\Users\\pasic\\Documents\\Pathfinder_Coding\\Pathfinder-Development\\backend\\vendor\\laravel\\framework\\src\\Illuminate\\Database\\Connectors\\ConnectionFactory.php(184): Illuminate\\Database\\Connectors\\MySqlConnector->connect()
#4 [internal function]: Illuminate\\Database\\Connectors\\ConnectionFactory->{closure:Illuminate\\Database\\Connectors\\ConnectionFactory::createPdoResolverWithHosts():179}()
#5 C:\\Users\\pasic\\Documents\\Pathfinder_Coding\\Pathfinder-Development\\backend\\vendor\\laravel\\framework\\src\\Illuminate\\Database\\Connection.php(1339): call_user_func()
#6 C:\\Users\\pasic\\Documents\\Pathfinder_Coding\\Pathfinder-Development\\backend\\vendor\\laravel\\framework\\src\\Illuminate\\Database\\Connection.php(528): Illuminate\\Database\\Connection->getPdo()
#7 C:\\Users\\pasic\\Documents\\Pathfinder_Coding\\Pathfinder-Development\\backend\\vendor\\laravel\\framework\\src\\Illuminate\\Database\\Connection.php(423): Illuminate\\Database\\Connection->getPdoForSelect()
#8 C:\\Users\\pasic\\Documents\\Pathfinder_Coding\\Pathfinder-Development\\backend\\vendor\\laravel\\framework\\src\\Illuminate\\Database\\Connection.php(816): Illuminate\\Database\\Connection->{closure:Illuminate\\Database\\Connection::select():414}()
#9 C:\\Users\\pasic\\Documents\\Pathfinder_Coding\\Pathfinder-Development\\backend\\vendor\\laravel\\framework\\src\\Illuminate\\Database\\Connection.php(783): Illuminate\\Database\\Connection->runQueryCallback()
#10 C:\\Users\\pasic\\Documents\\Pathfinder_Coding\\Pathfinder-Development\\backend\\vendor\\laravel\\framework\\src\\Illuminate\\Database\\Connection.php(414): Illuminate\\Database\\Connection->run()
#11 C:\\Users\\pasic\\Documents\\Pathfinder_Coding\\Pathfinder-Development\\backend\\vendor\\laravel\\framework\\src\\Illuminate\\Database\\Query\\Builder.php(2913): Illuminate\\Database\\Connection->select()
#12 C:\\Users\\pasic\\Documents\\Pathfinder_Coding\\Pathfinder-Development\\backend\\vendor\\laravel\\framework\\src\\Illuminate\\Database\\Query\\Builder.php(2902): Illuminate\\Database\\Query\\Builder->runSelect()
#13 C:\\Users\\pasic\\Documents\\Pathfinder_Coding\\Pathfinder-Development\\backend\\vendor\\laravel\\framework\\src\\Illuminate\\Database\\Query\\Builder.php(3456): Illuminate\\Database\\Query\\Builder->{closure:Illuminate\\Database\\Query\\Builder::get():2901}()
#14 C:\\Users\\pasic\\Documents\\Pathfinder_Coding\\Pathfinder-Development\\backend\\vendor\\laravel\\framework\\src\\Illuminate\\Database\\Query\\Builder.php(2901): Illuminate\\Database\\Query\\Builder->onceWithColumns()
#15 C:\\Users\\pasic\\Documents\\Pathfinder_Coding\\Pathfinder-Development\\backend\\vendor\\laravel\\framework\\src\\Illuminate\\Database\\Query\\Builder.php(3383): Illuminate\\Database\\Query\\Builder->get()
#16 C:\\Users\\pasic\\Documents\\Pathfinder_Coding\\Pathfinder-Development\\backend\\vendor\\laravel\\framework\\src\\Illuminate\\Database\\Query\\Builder.php(3311): Illuminate\\Database\\Query\\Builder->aggregate()
#17 C:\\Users\\pasic\\Documents\\Pathfinder_Coding\\Pathfinder-Development\\backend\\vendor\\laravel\\framework\\src\\Illuminate\\Validation\\DatabasePresenceVerifier.php(54): Illuminate\\Database\\Query\\Builder->count()
#18 C:\\Users\\pasic\\Documents\\Pathfinder_Coding\\Pathfinder-Development\\backend\\vendor\\laravel\\framework\\src\\Illuminate\\Validation\\Concerns\\ValidatesAttributes.php(948): Illuminate\\Validation\\DatabasePresenceVerifier->getCount()
#19 C:\\Users\\pasic\\Documents\\Pathfinder_Coding\\Pathfinder-Development\\backend\\vendor\\laravel\\framework\\src\\Illuminate\\Validation\\Validator.php(660): Illuminate\\Validation\\Validator->validateUnique()
#20 C:\\Users\\pasic\\Documents\\Pathfinder_Coding\\Pathfinder-Development\\backend\\vendor\\laravel\\framework\\src\\Illuminate\\Validation\\Validator.php(459): Illuminate\\Validation\\Validator->validateAttribute()
#21 C:\\Users\\pasic\\Documents\\Pathfinder_Coding\\Pathfinder-Development\\backend\\vendor\\laravel\\framework\\src\\Illuminate\\Validation\\Validator.php(494): Illuminate\\Validation\\Validator->passes()
#22 C:\\Users\\pasic\\Documents\\Pathfinder_Coding\\Pathfinder-Development\\backend\\app\\Http\\Controllers\\ApplicantController.php(24): Illuminate\\Validation\\Validator->fails()
#23 C:\\Users\\pasic\\Documents\\Pathfinder_Coding\\Pathfinder-Development\\backend\\vendor\\laravel\\framework\\src\\Illuminate\\Routing\\Controller.php(54): App\\Http\\Controllers\\ApplicantController->store()
#24 C:\\Users\\pasic\\Documents\\Pathfinder_Coding\\Pathfinder-Development\\backend\\vendor\\laravel\\framework\\src\\Illuminate\\Routing\\ControllerDispatcher.php(43): Illuminate\\Routing\\Controller->callAction()
#25 C:\\Users\\pasic\\Documents\\Pathfinder_Coding\\Pathfinder-Development\\backend\\vendor\\laravel\\framework\\src\\Illuminate\\Routing\\Route.php(259): Illuminate\\Routing\\ControllerDispatcher->dispatch()
#26 C:\\Users\\pasic\\Documents\\Pathfinder_Coding\\Pathfinder-Development\\backend\\vendor\\laravel\\framework\\src\\Illuminate\\Routing\\Route.php(205): Illuminate\\Routing\\Route->runController()
#27 C:\\Users\\pasic\\Documents\\Pathfinder_Coding\\Pathfinder-Development\\backend\\vendor\\laravel\\framework\\src\\Illuminate\\Routing\\Router.php(806): Illuminate\\Routing\\Route->run()
#28 C:\\Users\\pasic\\Documents\\Pathfinder_Coding\\Pathfinder-Development\\backend\\vendor\\laravel\\framework\\src\\Illuminate\\Pipeline\\Pipeline.php(144): Illuminate\\Routing\\Router->{closure:Illuminate\\Routing\\Router::runRouteWithinStack():805}()
#29 C:\\Users\\pasic\\Documents\\Pathfinder_Coding\\Pathfinder-Development\\backend\\vendor\\laravel\\framework\\src\\Illuminate\\Routing\\Middleware\\SubstituteBindings.php(50): Illuminate\\Pipeline\\Pipeline->{closure:Illuminate\\Pipeline\\Pipeline::prepareDestination():142}()
#30 C:\\Users\\pasic\\Documents\\Pathfinder_Coding\\Pathfinder-Development\\backend\\vendor\\laravel\\framework\\src\\Illuminate\\Pipeline\\Pipeline.php(183): Illuminate\\Routing\\Middleware\\SubstituteBindings->handle()
#31 C:\\Users\\pasic\\Documents\\Pathfinder_Coding\\Pathfinder-Development\\backend\\vendor\\laravel\\framework\\src\\Illuminate\\Routing\\Middleware\\ThrottleRequests.php(159): Illuminate\\Pipeline\\Pipeline->{closure:{closure:Illuminate\\Pipeline\\Pipeline::carry():158}:159}()
#32 C:\\Users\\pasic\\Documents\\Pathfinder_Coding\\Pathfinder-Development\\backend\\vendor\\laravel\\framework\\src\\Illuminate\\Routing\\Middleware\\ThrottleRequests.php(125): Illuminate\\Routing\\Middleware\\ThrottleRequests->handleRequest()
#33 C:\\Users\\pasic\\Documents\\Pathfinder_Coding\\Pathfinder-Development\\backend\\vendor\\laravel\\framework\\src\\Illuminate\\Routing\\Middleware\\ThrottleRequests.php(87): Illuminate\\Routing\\Middleware\\ThrottleRequests->handleRequestUsingNamedLimiter()
#34 C:\\Users\\pasic\\Documents\\Pathfinder_Coding\\Pathfinder-Development\\backend\\vendor\\laravel\\framework\\src\\Illuminate\\Pipeline\\Pipeline.php(183): Illuminate\\Routing\\Middleware\\ThrottleRequests->handle()
#35 C:\\Users\\pasic\\Documents\\Pathfinder_Coding\\Pathfinder-Development\\backend\\vendor\\laravel\\framework\\src\\Illuminate\\Pipeline\\Pipeline.php(119): Illuminate\\Pipeline\\Pipeline->{closure:{closure:Illuminate\\Pipeline\\Pipeline::carry():158}:159}()
#36 C:\\Users\\pasic\\Documents\\Pathfinder_Coding\\Pathfinder-Development\\backend\\vendor\\laravel\\framework\\src\\Illuminate\\Routing\\Router.php(805): Illuminate\\Pipeline\\Pipeline->then()
#37 C:\\Users\\pasic\\Documents\\Pathfinder_Coding\\Pathfinder-Development\\backend\\vendor\\laravel\\framework\\src\\Illuminate\\Routing\\Router.php(784): Illuminate\\Routing\\Router->runRouteWithinStack()
#38 C:\\Users\\pasic\\Documents\\Pathfinder_Coding\\Pathfinder-Development\\backend\\vendor\\laravel\\framework\\src\\Illuminate\\Routing\\Router.php(748): Illuminate\\Routing\\Router->runRoute()
#39 C:\\Users\\pasic\\Documents\\Pathfinder_Coding\\Pathfinder-Development\\backend\\vendor\\laravel\\framework\\src\\Illuminate\\Routing\\Router.php(737): Illuminate\\Routing\\Router->dispatchToRoute()
#40 C:\\Users\\pasic\\Documents\\Pathfinder_Coding\\Pathfinder-Development\\backend\\vendor\\laravel\\framework\\src\\Illuminate\\Foundation\\Http\\Kernel.php(200): Illuminate\\Routing\\Router->dispatch()
#41 C:\\Users\\pasic\\Documents\\Pathfinder_Coding\\Pathfinder-Development\\backend\\vendor\\laravel\\framework\\src\\Illuminate\\Pipeline\\Pipeline.php(144): Illuminate\\Foundation\\Http\\Kernel->{closure:Illuminate\\Foundation\\Http\\Kernel::dispatchToRouter():197}()
#42 C:\\Users\\pasic\\Documents\\Pathfinder_Coding\\Pathfinder-Development\\backend\\vendor\\laravel\\framework\\src\\Illuminate\\Foundation\\Http\\Middleware\\TransformsRequest.php(21): Illuminate\\Pipeline\\Pipeline->{closure:Illuminate\\Pipeline\\Pipeline::prepareDestination():142}()
#43 C:\\Users\\pasic\\Documents\\Pathfinder_Coding\\Pathfinder-Development\\backend\\vendor\\laravel\\framework\\src\\Illuminate\\Foundation\\Http\\Middleware\\ConvertEmptyStringsToNull.php(31): Illuminate\\Foundation\\Http\\Middleware\\TransformsRequest->handle()
#44 C:\\Users\\pasic\\Documents\\Pathfinder_Coding\\Pathfinder-Development\\backend\\vendor\\laravel\\framework\\src\\Illuminate\\Pipeline\\Pipeline.php(183): Illuminate\\Foundation\\Http\\Middleware\\ConvertEmptyStringsToNull->handle()
#45 C:\\Users\\pasic\\Documents\\Pathfinder_Coding\\Pathfinder-Development\\backend\\vendor\\laravel\\framework\\src\\Illuminate\\Foundation\\Http\\Middleware\\TransformsRequest.php(21): Illuminate\\Pipeline\\Pipeline->{closure:{closure:Illuminate\\Pipeline\\Pipeline::carry():158}:159}()
#46 C:\\Users\\pasic\\Documents\\Pathfinder_Coding\\Pathfinder-Development\\backend\\vendor\\laravel\\framework\\src\\Illuminate\\Foundation\\Http\\Middleware\\TrimStrings.php(40): Illuminate\\Foundation\\Http\\Middleware\\TransformsRequest->handle()
#47 C:\\Users\\pasic\\Documents\\Pathfinder_Coding\\Pathfinder-Development\\backend\\vendor\\laravel\\framework\\src\\Illuminate\\Pipeline\\Pipeline.php(183): Illuminate\\Foundation\\Http\\Middleware\\TrimStrings->handle()
#48 C:\\Users\\pasic\\Documents\\Pathfinder_Coding\\Pathfinder-Development\\backend\\vendor\\laravel\\framework\\src\\Illuminate\\Foundation\\Http\\Middleware\\ValidatePostSize.php(27): Illuminate\\Pipeline\\Pipeline->{closure:{closure:Illuminate\\Pipeline\\Pipeline::carry():158}:159}()
#49 C:\\Users\\pasic\\Documents\\Pathfinder_Coding\\Pathfinder-Development\\backend\\vendor\\laravel\\framework\\src\\Illuminate\\Pipeline\\Pipeline.php(183): Illuminate\\Foundation\\Http\\Middleware\\ValidatePostSize->handle()
#50 C:\\Users\\pasic\\Documents\\Pathfinder_Coding\\Pathfinder-Development\\backend\\vendor\\laravel\\framework\\src\\Illuminate\\Foundation\\Http\\Middleware\\PreventRequestsDuringMaintenance.php(99): Illuminate\\Pipeline\\Pipeline->{closure:{closure:Illuminate\\Pipeline\\Pipeline::carry():158}:159}()
#51 C:\\Users\\pasic\\Documents\\Pathfinder_Coding\\Pathfinder-Development\\backend\\vendor\\laravel\\framework\\src\\Illuminate\\Pipeline\\Pipeline.php(183): Illuminate\\Foundation\\Http\\Middleware\\PreventRequestsDuringMaintenance->handle()
#52 C:\\Users\\pasic\\Documents\\Pathfinder_Coding\\Pathfinder-Development\\backend\\vendor\\laravel\\framework\\src\\Illuminate\\Http\\Middleware\\HandleCors.php(62): Illuminate\\Pipeline\\Pipeline->{closure:{closure:Illuminate\\Pipeline\\Pipeline::carry():158}:159}()
#53 C:\\Users\\pasic\\Documents\\Pathfinder_Coding\\Pathfinder-Development\\backend\\vendor\\laravel\\framework\\src\\Illuminate\\Pipeline\\Pipeline.php(183): Illuminate\\Http\\Middleware\\HandleCors->handle()
#54 C:\\Users\\pasic\\Documents\\Pathfinder_Coding\\Pathfinder-Development\\backend\\vendor\\laravel\\framework\\src\\Illuminate\\Http\\Middleware\\TrustProxies.php(39): Illuminate\\Pipeline\\Pipeline->{closure:{closure:Illuminate\\Pipeline\\Pipeline::carry():158}:159}()
#55 C:\\Users\\pasic\\Documents\\Pathfinder_Coding\\Pathfinder-Development\\backend\\vendor\\laravel\\framework\\src\\Illuminate\\Pipeline\\Pipeline.php(183): Illuminate\\Http\\Middleware\\TrustProxies->handle()
#56 C:\\Users\\pasic\\Documents\\Pathfinder_Coding\\Pathfinder-Development\\backend\\vendor\\laravel\\framework\\src\\Illuminate\\Pipeline\\Pipeline.php(119): Illuminate\\Pipeline\\Pipeline->{closure:{closure:Illuminate\\Pipeline\\Pipeline::carry():158}:159}()
#57 C:\\Users\\pasic\\Documents\\Pathfinder_Coding\\Pathfinder-Development\\backend\\vendor\\laravel\\framework\\src\\Illuminate\\Foundation\\Http\\Kernel.php(175): Illuminate\\Pipeline\\Pipeline->then()
#58 C:\\Users\\pasic\\Documents\\Pathfinder_Coding\\Pathfinder-Development\\backend\\vendor\\laravel\\framework\\src\\Illuminate\\Foundation\\Http\\Kernel.php(144): Illuminate\\Foundation\\Http\\Kernel->sendRequestThroughRouter()
#59 C:\\Users\\pasic\\Documents\\Pathfinder_Coding\\Pathfinder-Development\\backend\\public\\index.php(51): Illuminate\\Foundation\\Http\\Kernel->handle()
#60 C:\\Users\\pasic\\Documents\\Pathfinder_Coding\\Pathfinder-Development\\backend\\vendor\\laravel\\framework\\src\\Illuminate\\Foundation\\resources\\server.php(16): require_once('...')
#61 {main}
"} 
[2025-07-22 16:11:52] local.ERROR: could not find driver (Connection: mysql, SQL: select count(*) as aggregate from `Applicant` where `emailAddress` = abc123@gmail.com) {"exception":"[object] (Illuminate\\Database\\QueryException(code: 0): could not find driver (Connection: mysql, SQL: select count(*) as aggregate from `Applicant` where `emailAddress` = abc123@gmail.com) at C:\\Users\\pasic\\Documents\\Pathfinder_Coding\\Pathfinder-Development\\backend\\vendor\\laravel\\framework\\src\\Illuminate\\Database\\Connection.php:829)
[stacktrace]
#0 C:\\Users\\pasic\\Documents\\Pathfinder_Coding\\Pathfinder-Development\\backend\\vendor\\laravel\\framework\\src\\Illuminate\\Database\\Connection.php(783): Illuminate\\Database\\Connection->runQueryCallback()
#1 C:\\Users\\pasic\\Documents\\Pathfinder_Coding\\Pathfinder-Development\\backend\\vendor\\laravel\\framework\\src\\Illuminate\\Database\\Connection.php(414): Illuminate\\Database\\Connection->run()
#2 C:\\Users\\pasic\\Documents\\Pathfinder_Coding\\Pathfinder-Development\\backend\\vendor\\laravel\\framework\\src\\Illuminate\\Database\\Query\\Builder.php(2913): Illuminate\\Database\\Connection->select()
#3 C:\\Users\\pasic\\Documents\\Pathfinder_Coding\\Pathfinder-Development\\backend\\vendor\\laravel\\framework\\src\\Illuminate\\Database\\Query\\Builder.php(2902): Illuminate\\Database\\Query\\Builder->runSelect()
#4 C:\\Users\\pasic\\Documents\\Pathfinder_Coding\\Pathfinder-Development\\backend\\vendor\\laravel\\framework\\src\\Illuminate\\Database\\Query\\Builder.php(3456): Illuminate\\Database\\Query\\Builder->{closure:Illuminate\\Database\\Query\\Builder::get():2901}()
#5 C:\\Users\\pasic\\Documents\\Pathfinder_Coding\\Pathfinder-Development\\backend\\vendor\\laravel\\framework\\src\\Illuminate\\Database\\Query\\Builder.php(2901): Illuminate\\Database\\Query\\Builder->onceWithColumns()
#6 C:\\Users\\pasic\\Documents\\Pathfinder_Coding\\Pathfinder-Development\\backend\\vendor\\laravel\\framework\\src\\Illuminate\\Database\\Query\\Builder.php(3383): Illuminate\\Database\\Query\\Builder->get()
#7 C:\\Users\\pasic\\Documents\\Pathfinder_Coding\\Pathfinder-Development\\backend\\vendor\\laravel\\framework\\src\\Illuminate\\Database\\Query\\Builder.php(3311): Illuminate\\Database\\Query\\Builder->aggregate()
#8 C:\\Users\\pasic\\Documents\\Pathfinder_Coding\\Pathfinder-Development\\backend\\vendor\\laravel\\framework\\src\\Illuminate\\Validation\\DatabasePresenceVerifier.php(54): Illuminate\\Database\\Query\\Builder->count()
#9 C:\\Users\\pasic\\Documents\\Pathfinder_Coding\\Pathfinder-Development\\backend\\vendor\\laravel\\framework\\src\\Illuminate\\Validation\\Concerns\\ValidatesAttributes.php(948): Illuminate\\Validation\\DatabasePresenceVerifier->getCount()
#10 C:\\Users\\pasic\\Documents\\Pathfinder_Coding\\Pathfinder-Development\\backend\\vendor\\laravel\\framework\\src\\Illuminate\\Validation\\Validator.php(660): Illuminate\\Validation\\Validator->validateUnique()
#11 C:\\Users\\pasic\\Documents\\Pathfinder_Coding\\Pathfinder-Development\\backend\\vendor\\laravel\\framework\\src\\Illuminate\\Validation\\Validator.php(459): Illuminate\\Validation\\Validator->validateAttribute()
#12 C:\\Users\\pasic\\Documents\\Pathfinder_Coding\\Pathfinder-Development\\backend\\vendor\\laravel\\framework\\src\\Illuminate\\Validation\\Validator.php(494): Illuminate\\Validation\\Validator->passes()
#13 C:\\Users\\pasic\\Documents\\Pathfinder_Coding\\Pathfinder-Development\\backend\\app\\Http\\Controllers\\ApplicantController.php(24): Illuminate\\Validation\\Validator->fails()
#14 C:\\Users\\pasic\\Documents\\Pathfinder_Coding\\Pathfinder-Development\\backend\\vendor\\laravel\\framework\\src\\Illuminate\\Routing\\Controller.php(54): App\\Http\\Controllers\\ApplicantController->store()
#15 C:\\Users\\pasic\\Documents\\Pathfinder_Coding\\Pathfinder-Development\\backend\\vendor\\laravel\\framework\\src\\Illuminate\\Routing\\ControllerDispatcher.php(43): Illuminate\\Routing\\Controller->callAction()
#16 C:\\Users\\pasic\\Documents\\Pathfinder_Coding\\Pathfinder-Development\\backend\\vendor\\laravel\\framework\\src\\Illuminate\\Routing\\Route.php(259): Illuminate\\Routing\\ControllerDispatcher->dispatch()
#17 C:\\Users\\pasic\\Documents\\Pathfinder_Coding\\Pathfinder-Development\\backend\\vendor\\laravel\\framework\\src\\Illuminate\\Routing\\Route.php(205): Illuminate\\Routing\\Route->runController()
#18 C:\\Users\\pasic\\Documents\\Pathfinder_Coding\\Pathfinder-Development\\backend\\vendor\\laravel\\framework\\src\\Illuminate\\Routing\\Router.php(806): Illuminate\\Routing\\Route->run()
#19 C:\\Users\\pasic\\Documents\\Pathfinder_Coding\\Pathfinder-Development\\backend\\vendor\\laravel\\framework\\src\\Illuminate\\Pipeline\\Pipeline.php(144): Illuminate\\Routing\\Router->{closure:Illuminate\\Routing\\Router::runRouteWithinStack():805}()
#20 C:\\Users\\pasic\\Documents\\Pathfinder_Coding\\Pathfinder-Development\\backend\\vendor\\laravel\\framework\\src\\Illuminate\\Routing\\Middleware\\SubstituteBindings.php(50): Illuminate\\Pipeline\\Pipeline->{closure:Illuminate\\Pipeline\\Pipeline::prepareDestination():142}()
#21 C:\\Users\\pasic\\Documents\\Pathfinder_Coding\\Pathfinder-Development\\backend\\vendor\\laravel\\framework\\src\\Illuminate\\Pipeline\\Pipeline.php(183): Illuminate\\Routing\\Middleware\\SubstituteBindings->handle()
#22 C:\\Users\\pasic\\Documents\\Pathfinder_Coding\\Pathfinder-Development\\backend\\vendor\\laravel\\framework\\src\\Illuminate\\Routing\\Middleware\\ThrottleRequests.php(159): Illuminate\\Pipeline\\Pipeline->{closure:{closure:Illuminate\\Pipeline\\Pipeline::carry():158}:159}()
#23 C:\\Users\\pasic\\Documents\\Pathfinder_Coding\\Pathfinder-Development\\backend\\vendor\\laravel\\framework\\src\\Illuminate\\Routing\\Middleware\\ThrottleRequests.php(125): Illuminate\\Routing\\Middleware\\ThrottleRequests->handleRequest()
#24 C:\\Users\\pasic\\Documents\\Pathfinder_Coding\\Pathfinder-Development\\backend\\vendor\\laravel\\framework\\src\\Illuminate\\Routing\\Middleware\\ThrottleRequests.php(87): Illuminate\\Routing\\Middleware\\ThrottleRequests->handleRequestUsingNamedLimiter()
#25 C:\\Users\\pasic\\Documents\\Pathfinder_Coding\\Pathfinder-Development\\backend\\vendor\\laravel\\framework\\src\\Illuminate\\Pipeline\\Pipeline.php(183): Illuminate\\Routing\\Middleware\\ThrottleRequests->handle()
#26 C:\\Users\\pasic\\Documents\\Pathfinder_Coding\\Pathfinder-Development\\backend\\vendor\\laravel\\framework\\src\\Illuminate\\Pipeline\\Pipeline.php(119): Illuminate\\Pipeline\\Pipeline->{closure:{closure:Illuminate\\Pipeline\\Pipeline::carry():158}:159}()
#27 C:\\Users\\pasic\\Documents\\Pathfinder_Coding\\Pathfinder-Development\\backend\\vendor\\laravel\\framework\\src\\Illuminate\\Routing\\Router.php(805): Illuminate\\Pipeline\\Pipeline->then()
#28 C:\\Users\\pasic\\Documents\\Pathfinder_Coding\\Pathfinder-Development\\backend\\vendor\\laravel\\framework\\src\\Illuminate\\Routing\\Router.php(784): Illuminate\\Routing\\Router->runRouteWithinStack()
#29 C:\\Users\\pasic\\Documents\\Pathfinder_Coding\\Pathfinder-Development\\backend\\vendor\\laravel\\framework\\src\\Illuminate\\Routing\\Router.php(748): Illuminate\\Routing\\Router->runRoute()
#30 C:\\Users\\pasic\\Documents\\Pathfinder_Coding\\Pathfinder-Development\\backend\\vendor\\laravel\\framework\\src\\Illuminate\\Routing\\Router.php(737): Illuminate\\Routing\\Router->dispatchToRoute()
#31 C:\\Users\\pasic\\Documents\\Pathfinder_Coding\\Pathfinder-Development\\backend\\vendor\\laravel\\framework\\src\\Illuminate\\Foundation\\Http\\Kernel.php(200): Illuminate\\Routing\\Router->dispatch()
#32 C:\\Users\\pasic\\Documents\\Pathfinder_Coding\\Pathfinder-Development\\backend\\vendor\\laravel\\framework\\src\\Illuminate\\Pipeline\\Pipeline.php(144): Illuminate\\Foundation\\Http\\Kernel->{closure:Illuminate\\Foundation\\Http\\Kernel::dispatchToRouter():197}()
#33 C:\\Users\\pasic\\Documents\\Pathfinder_Coding\\Pathfinder-Development\\backend\\vendor\\laravel\\framework\\src\\Illuminate\\Foundation\\Http\\Middleware\\TransformsRequest.php(21): Illuminate\\Pipeline\\Pipeline->{closure:Illuminate\\Pipeline\\Pipeline::prepareDestination():142}()
#34 C:\\Users\\pasic\\Documents\\Pathfinder_Coding\\Pathfinder-Development\\backend\\vendor\\laravel\\framework\\src\\Illuminate\\Foundation\\Http\\Middleware\\ConvertEmptyStringsToNull.php(31): Illuminate\\Foundation\\Http\\Middleware\\TransformsRequest->handle()
#35 C:\\Users\\pasic\\Documents\\Pathfinder_Coding\\Pathfinder-Development\\backend\\vendor\\laravel\\framework\\src\\Illuminate\\Pipeline\\Pipeline.php(183): Illuminate\\Foundation\\Http\\Middleware\\ConvertEmptyStringsToNull->handle()
#36 C:\\Users\\pasic\\Documents\\Pathfinder_Coding\\Pathfinder-Development\\backend\\vendor\\laravel\\framework\\src\\Illuminate\\Foundation\\Http\\Middleware\\TransformsRequest.php(21): Illuminate\\Pipeline\\Pipeline->{closure:{closure:Illuminate\\Pipeline\\Pipeline::carry():158}:159}()
#37 C:\\Users\\pasic\\Documents\\Pathfinder_Coding\\Pathfinder-Development\\backend\\vendor\\laravel\\framework\\src\\Illuminate\\Foundation\\Http\\Middleware\\TrimStrings.php(40): Illuminate\\Foundation\\Http\\Middleware\\TransformsRequest->handle()
#38 C:\\Users\\pasic\\Documents\\Pathfinder_Coding\\Pathfinder-Development\\backend\\vendor\\laravel\\framework\\src\\Illuminate\\Pipeline\\Pipeline.php(183): Illuminate\\Foundation\\Http\\Middleware\\TrimStrings->handle()
#39 C:\\Users\\pasic\\Documents\\Pathfinder_Coding\\Pathfinder-Development\\backend\\vendor\\laravel\\framework\\src\\Illuminate\\Foundation\\Http\\Middleware\\ValidatePostSize.php(27): Illuminate\\Pipeline\\Pipeline->{closure:{closure:Illuminate\\Pipeline\\Pipeline::carry():158}:159}()
#40 C:\\Users\\pasic\\Documents\\Pathfinder_Coding\\Pathfinder-Development\\backend\\vendor\\laravel\\framework\\src\\Illuminate\\Pipeline\\Pipeline.php(183): Illuminate\\Foundation\\Http\\Middleware\\ValidatePostSize->handle()
#41 C:\\Users\\pasic\\Documents\\Pathfinder_Coding\\Pathfinder-Development\\backend\\vendor\\laravel\\framework\\src\\Illuminate\\Foundation\\Http\\Middleware\\PreventRequestsDuringMaintenance.php(99): Illuminate\\Pipeline\\Pipeline->{closure:{closure:Illuminate\\Pipeline\\Pipeline::carry():158}:159}()
#42 C:\\Users\\pasic\\Documents\\Pathfinder_Coding\\Pathfinder-Development\\backend\\vendor\\laravel\\framework\\src\\Illuminate\\Pipeline\\Pipeline.php(183): Illuminate\\Foundation\\Http\\Middleware\\PreventRequestsDuringMaintenance->handle()
#43 C:\\Users\\pasic\\Documents\\Pathfinder_Coding\\Pathfinder-Development\\backend\\vendor\\laravel\\framework\\src\\Illuminate\\Http\\Middleware\\HandleCors.php(62): Illuminate\\Pipeline\\Pipeline->{closure:{closure:Illuminate\\Pipeline\\Pipeline::carry():158}:159}()
#44 C:\\Users\\pasic\\Documents\\Pathfinder_Coding\\Pathfinder-Development\\backend\\vendor\\laravel\\framework\\src\\Illuminate\\Pipeline\\Pipeline.php(183): Illuminate\\Http\\Middleware\\HandleCors->handle()
#45 C:\\Users\\pasic\\Documents\\Pathfinder_Coding\\Pathfinder-Development\\backend\\vendor\\laravel\\framework\\src\\Illuminate\\Http\\Middleware\\TrustProxies.php(39): Illuminate\\Pipeline\\Pipeline->{closure:{closure:Illuminate\\Pipeline\\Pipeline::carry():158}:159}()
#46 C:\\Users\\pasic\\Documents\\Pathfinder_Coding\\Pathfinder-Development\\backend\\vendor\\laravel\\framework\\src\\Illuminate\\Pipeline\\Pipeline.php(183): Illuminate\\Http\\Middleware\\TrustProxies->handle()
#47 C:\\Users\\pasic\\Documents\\Pathfinder_Coding\\Pathfinder-Development\\backend\\vendor\\laravel\\framework\\src\\Illuminate\\Pipeline\\Pipeline.php(119): Illuminate\\Pipeline\\Pipeline->{closure:{closure:Illuminate\\Pipeline\\Pipeline::carry():158}:159}()
#48 C:\\Users\\pasic\\Documents\\Pathfinder_Coding\\Pathfinder-Development\\backend\\vendor\\laravel\\framework\\src\\Illuminate\\Foundation\\Http\\Kernel.php(175): Illuminate\\Pipeline\\Pipeline->then()
#49 C:\\Users\\pasic\\Documents\\Pathfinder_Coding\\Pathfinder-Development\\backend\\vendor\\laravel\\framework\\src\\Illuminate\\Foundation\\Http\\Kernel.php(144): Illuminate\\Foundation\\Http\\Kernel->sendRequestThroughRouter()
#50 C:\\Users\\pasic\\Documents\\Pathfinder_Coding\\Pathfinder-Development\\backend\\public\\index.php(51): Illuminate\\Foundation\\Http\\Kernel->handle()
#51 C:\\Users\\pasic\\Documents\\Pathfinder_Coding\\Pathfinder-Development\\backend\\vendor\\laravel\\framework\\src\\Illuminate\\Foundation\\resources\\server.php(16): require_once('...')
#52 {main}

[previous exception] [object] (PDOException(code: 0): could not find driver at C:\\Users\\pasic\\Documents\\Pathfinder_Coding\\Pathfinder-Development\\backend\\vendor\\laravel\\framework\\src\\Illuminate\\Database\\Connectors\\Connector.php:65)
[stacktrace]
#0 C:\\Users\\pasic\\Documents\\Pathfinder_Coding\\Pathfinder-Development\\backend\\vendor\\laravel\\framework\\src\\Illuminate\\Database\\Connectors\\Connector.php(65): PDO->__construct()
#1 C:\\Users\\pasic\\Documents\\Pathfinder_Coding\\Pathfinder-Development\\backend\\vendor\\laravel\\framework\\src\\Illuminate\\Database\\Connectors\\Connector.php(44): Illuminate\\Database\\Connectors\\Connector->createPdoConnection()
#2 C:\\Users\\pasic\\Documents\\Pathfinder_Coding\\Pathfinder-Development\\backend\\vendor\\laravel\\framework\\src\\Illuminate\\Database\\Connectors\\MySqlConnector.php(24): Illuminate\\Database\\Connectors\\Connector->createConnection()
#3 C:\\Users\\pasic\\Documents\\Pathfinder_Coding\\Pathfinder-Development\\backend\\vendor\\laravel\\framework\\src\\Illuminate\\Database\\Connectors\\ConnectionFactory.php(184): Illuminate\\Database\\Connectors\\MySqlConnector->connect()
#4 [internal function]: Illuminate\\Database\\Connectors\\ConnectionFactory->{closure:Illuminate\\Database\\Connectors\\ConnectionFactory::createPdoResolverWithHosts():179}()
#5 C:\\Users\\pasic\\Documents\\Pathfinder_Coding\\Pathfinder-Development\\backend\\vendor\\laravel\\framework\\src\\Illuminate\\Database\\Connection.php(1339): call_user_func()
#6 C:\\Users\\pasic\\Documents\\Pathfinder_Coding\\Pathfinder-Development\\backend\\vendor\\laravel\\framework\\src\\Illuminate\\Database\\Connection.php(528): Illuminate\\Database\\Connection->getPdo()
#7 C:\\Users\\pasic\\Documents\\Pathfinder_Coding\\Pathfinder-Development\\backend\\vendor\\laravel\\framework\\src\\Illuminate\\Database\\Connection.php(423): Illuminate\\Database\\Connection->getPdoForSelect()
#8 C:\\Users\\pasic\\Documents\\Pathfinder_Coding\\Pathfinder-Development\\backend\\vendor\\laravel\\framework\\src\\Illuminate\\Database\\Connection.php(816): Illuminate\\Database\\Connection->{closure:Illuminate\\Database\\Connection::select():414}()
#9 C:\\Users\\pasic\\Documents\\Pathfinder_Coding\\Pathfinder-Development\\backend\\vendor\\laravel\\framework\\src\\Illuminate\\Database\\Connection.php(783): Illuminate\\Database\\Connection->runQueryCallback()
#10 C:\\Users\\pasic\\Documents\\Pathfinder_Coding\\Pathfinder-Development\\backend\\vendor\\laravel\\framework\\src\\Illuminate\\Database\\Connection.php(414): Illuminate\\Database\\Connection->run()
#11 C:\\Users\\pasic\\Documents\\Pathfinder_Coding\\Pathfinder-Development\\backend\\vendor\\laravel\\framework\\src\\Illuminate\\Database\\Query\\Builder.php(2913): Illuminate\\Database\\Connection->select()
#12 C:\\Users\\pasic\\Documents\\Pathfinder_Coding\\Pathfinder-Development\\backend\\vendor\\laravel\\framework\\src\\Illuminate\\Database\\Query\\Builder.php(2902): Illuminate\\Database\\Query\\Builder->runSelect()
#13 C:\\Users\\pasic\\Documents\\Pathfinder_Coding\\Pathfinder-Development\\backend\\vendor\\laravel\\framework\\src\\Illuminate\\Database\\Query\\Builder.php(3456): Illuminate\\Database\\Query\\Builder->{closure:Illuminate\\Database\\Query\\Builder::get():2901}()
#14 C:\\Users\\pasic\\Documents\\Pathfinder_Coding\\Pathfinder-Development\\backend\\vendor\\laravel\\framework\\src\\Illuminate\\Database\\Query\\Builder.php(2901): Illuminate\\Database\\Query\\Builder->onceWithColumns()
#15 C:\\Users\\pasic\\Documents\\Pathfinder_Coding\\Pathfinder-Development\\backend\\vendor\\laravel\\framework\\src\\Illuminate\\Database\\Query\\Builder.php(3383): Illuminate\\Database\\Query\\Builder->get()
#16 C:\\Users\\pasic\\Documents\\Pathfinder_Coding\\Pathfinder-Development\\backend\\vendor\\laravel\\framework\\src\\Illuminate\\Database\\Query\\Builder.php(3311): Illuminate\\Database\\Query\\Builder->aggregate()
#17 C:\\Users\\pasic\\Documents\\Pathfinder_Coding\\Pathfinder-Development\\backend\\vendor\\laravel\\framework\\src\\Illuminate\\Validation\\DatabasePresenceVerifier.php(54): Illuminate\\Database\\Query\\Builder->count()
#18 C:\\Users\\pasic\\Documents\\Pathfinder_Coding\\Pathfinder-Development\\backend\\vendor\\laravel\\framework\\src\\Illuminate\\Validation\\Concerns\\ValidatesAttributes.php(948): Illuminate\\Validation\\DatabasePresenceVerifier->getCount()
#19 C:\\Users\\pasic\\Documents\\Pathfinder_Coding\\Pathfinder-Development\\backend\\vendor\\laravel\\framework\\src\\Illuminate\\Validation\\Validator.php(660): Illuminate\\Validation\\Validator->validateUnique()
#20 C:\\Users\\pasic\\Documents\\Pathfinder_Coding\\Pathfinder-Development\\backend\\vendor\\laravel\\framework\\src\\Illuminate\\Validation\\Validator.php(459): Illuminate\\Validation\\Validator->validateAttribute()
#21 C:\\Users\\pasic\\Documents\\Pathfinder_Coding\\Pathfinder-Development\\backend\\vendor\\laravel\\framework\\src\\Illuminate\\Validation\\Validator.php(494): Illuminate\\Validation\\Validator->passes()
#22 C:\\Users\\pasic\\Documents\\Pathfinder_Coding\\Pathfinder-Development\\backend\\app\\Http\\Controllers\\ApplicantController.php(24): Illuminate\\Validation\\Validator->fails()
#23 C:\\Users\\pasic\\Documents\\Pathfinder_Coding\\Pathfinder-Development\\backend\\vendor\\laravel\\framework\\src\\Illuminate\\Routing\\Controller.php(54): App\\Http\\Controllers\\ApplicantController->store()
#24 C:\\Users\\pasic\\Documents\\Pathfinder_Coding\\Pathfinder-Development\\backend\\vendor\\laravel\\framework\\src\\Illuminate\\Routing\\ControllerDispatcher.php(43): Illuminate\\Routing\\Controller->callAction()
#25 C:\\Users\\pasic\\Documents\\Pathfinder_Coding\\Pathfinder-Development\\backend\\vendor\\laravel\\framework\\src\\Illuminate\\Routing\\Route.php(259): Illuminate\\Routing\\ControllerDispatcher->dispatch()
#26 C:\\Users\\pasic\\Documents\\Pathfinder_Coding\\Pathfinder-Development\\backend\\vendor\\laravel\\framework\\src\\Illuminate\\Routing\\Route.php(205): Illuminate\\Routing\\Route->runController()
#27 C:\\Users\\pasic\\Documents\\Pathfinder_Coding\\Pathfinder-Development\\backend\\vendor\\laravel\\framework\\src\\Illuminate\\Routing\\Router.php(806): Illuminate\\Routing\\Route->run()
#28 C:\\Users\\pasic\\Documents\\Pathfinder_Coding\\Pathfinder-Development\\backend\\vendor\\laravel\\framework\\src\\Illuminate\\Pipeline\\Pipeline.php(144): Illuminate\\Routing\\Router->{closure:Illuminate\\Routing\\Router::runRouteWithinStack():805}()
#29 C:\\Users\\pasic\\Documents\\Pathfinder_Coding\\Pathfinder-Development\\backend\\vendor\\laravel\\framework\\src\\Illuminate\\Routing\\Middleware\\SubstituteBindings.php(50): Illuminate\\Pipeline\\Pipeline->{closure:Illuminate\\Pipeline\\Pipeline::prepareDestination():142}()
#30 C:\\Users\\pasic\\Documents\\Pathfinder_Coding\\Pathfinder-Development\\backend\\vendor\\laravel\\framework\\src\\Illuminate\\Pipeline\\Pipeline.php(183): Illuminate\\Routing\\Middleware\\SubstituteBindings->handle()
#31 C:\\Users\\pasic\\Documents\\Pathfinder_Coding\\Pathfinder-Development\\backend\\vendor\\laravel\\framework\\src\\Illuminate\\Routing\\Middleware\\ThrottleRequests.php(159): Illuminate\\Pipeline\\Pipeline->{closure:{closure:Illuminate\\Pipeline\\Pipeline::carry():158}:159}()
#32 C:\\Users\\pasic\\Documents\\Pathfinder_Coding\\Pathfinder-Development\\backend\\vendor\\laravel\\framework\\src\\Illuminate\\Routing\\Middleware\\ThrottleRequests.php(125): Illuminate\\Routing\\Middleware\\ThrottleRequests->handleRequest()
#33 C:\\Users\\pasic\\Documents\\Pathfinder_Coding\\Pathfinder-Development\\backend\\vendor\\laravel\\framework\\src\\Illuminate\\Routing\\Middleware\\ThrottleRequests.php(87): Illuminate\\Routing\\Middleware\\ThrottleRequests->handleRequestUsingNamedLimiter()
#34 C:\\Users\\pasic\\Documents\\Pathfinder_Coding\\Pathfinder-Development\\backend\\vendor\\laravel\\framework\\src\\Illuminate\\Pipeline\\Pipeline.php(183): Illuminate\\Routing\\Middleware\\ThrottleRequests->handle()
#35 C:\\Users\\pasic\\Documents\\Pathfinder_Coding\\Pathfinder-Development\\backend\\vendor\\laravel\\framework\\src\\Illuminate\\Pipeline\\Pipeline.php(119): Illuminate\\Pipeline\\Pipeline->{closure:{closure:Illuminate\\Pipeline\\Pipeline::carry():158}:159}()
#36 C:\\Users\\pasic\\Documents\\Pathfinder_Coding\\Pathfinder-Development\\backend\\vendor\\laravel\\framework\\src\\Illuminate\\Routing\\Router.php(805): Illuminate\\Pipeline\\Pipeline->then()
#37 C:\\Users\\pasic\\Documents\\Pathfinder_Coding\\Pathfinder-Development\\backend\\vendor\\laravel\\framework\\src\\Illuminate\\Routing\\Router.php(784): Illuminate\\Routing\\Router->runRouteWithinStack()
#38 C:\\Users\\pasic\\Documents\\Pathfinder_Coding\\Pathfinder-Development\\backend\\vendor\\laravel\\framework\\src\\Illuminate\\Routing\\Router.php(748): Illuminate\\Routing\\Router->runRoute()
#39 C:\\Users\\pasic\\Documents\\Pathfinder_Coding\\Pathfinder-Development\\backend\\vendor\\laravel\\framework\\src\\Illuminate\\Routing\\Router.php(737): Illuminate\\Routing\\Router->dispatchToRoute()
#40 C:\\Users\\pasic\\Documents\\Pathfinder_Coding\\Pathfinder-Development\\backend\\vendor\\laravel\\framework\\src\\Illuminate\\Foundation\\Http\\Kernel.php(200): Illuminate\\Routing\\Router->dispatch()
#41 C:\\Users\\pasic\\Documents\\Pathfinder_Coding\\Pathfinder-Development\\backend\\vendor\\laravel\\framework\\src\\Illuminate\\Pipeline\\Pipeline.php(144): Illuminate\\Foundation\\Http\\Kernel->{closure:Illuminate\\Foundation\\Http\\Kernel::dispatchToRouter():197}()
#42 C:\\Users\\pasic\\Documents\\Pathfinder_Coding\\Pathfinder-Development\\backend\\vendor\\laravel\\framework\\src\\Illuminate\\Foundation\\Http\\Middleware\\TransformsRequest.php(21): Illuminate\\Pipeline\\Pipeline->{closure:Illuminate\\Pipeline\\Pipeline::prepareDestination():142}()
#43 C:\\Users\\pasic\\Documents\\Pathfinder_Coding\\Pathfinder-Development\\backend\\vendor\\laravel\\framework\\src\\Illuminate\\Foundation\\Http\\Middleware\\ConvertEmptyStringsToNull.php(31): Illuminate\\Foundation\\Http\\Middleware\\TransformsRequest->handle()
#44 C:\\Users\\pasic\\Documents\\Pathfinder_Coding\\Pathfinder-Development\\backend\\vendor\\laravel\\framework\\src\\Illuminate\\Pipeline\\Pipeline.php(183): Illuminate\\Foundation\\Http\\Middleware\\ConvertEmptyStringsToNull->handle()
#45 C:\\Users\\pasic\\Documents\\Pathfinder_Coding\\Pathfinder-Development\\backend\\vendor\\laravel\\framework\\src\\Illuminate\\Foundation\\Http\\Middleware\\TransformsRequest.php(21): Illuminate\\Pipeline\\Pipeline->{closure:{closure:Illuminate\\Pipeline\\Pipeline::carry():158}:159}()
#46 C:\\Users\\pasic\\Documents\\Pathfinder_Coding\\Pathfinder-Development\\backend\\vendor\\laravel\\framework\\src\\Illuminate\\Foundation\\Http\\Middleware\\TrimStrings.php(40): Illuminate\\Foundation\\Http\\Middleware\\TransformsRequest->handle()
#47 C:\\Users\\pasic\\Documents\\Pathfinder_Coding\\Pathfinder-Development\\backend\\vendor\\laravel\\framework\\src\\Illuminate\\Pipeline\\Pipeline.php(183): Illuminate\\Foundation\\Http\\Middleware\\TrimStrings->handle()
#48 C:\\Users\\pasic\\Documents\\Pathfinder_Coding\\Pathfinder-Development\\backend\\vendor\\laravel\\framework\\src\\Illuminate\\Foundation\\Http\\Middleware\\ValidatePostSize.php(27): Illuminate\\Pipeline\\Pipeline->{closure:{closure:Illuminate\\Pipeline\\Pipeline::carry():158}:159}()
#49 C:\\Users\\pasic\\Documents\\Pathfinder_Coding\\Pathfinder-Development\\backend\\vendor\\laravel\\framework\\src\\Illuminate\\Pipeline\\Pipeline.php(183): Illuminate\\Foundation\\Http\\Middleware\\ValidatePostSize->handle()
#50 C:\\Users\\pasic\\Documents\\Pathfinder_Coding\\Pathfinder-Development\\backend\\vendor\\laravel\\framework\\src\\Illuminate\\Foundation\\Http\\Middleware\\PreventRequestsDuringMaintenance.php(99): Illuminate\\Pipeline\\Pipeline->{closure:{closure:Illuminate\\Pipeline\\Pipeline::carry():158}:159}()
#51 C:\\Users\\pasic\\Documents\\Pathfinder_Coding\\Pathfinder-Development\\backend\\vendor\\laravel\\framework\\src\\Illuminate\\Pipeline\\Pipeline.php(183): Illuminate\\Foundation\\Http\\Middleware\\PreventRequestsDuringMaintenance->handle()
#52 C:\\Users\\pasic\\Documents\\Pathfinder_Coding\\Pathfinder-Development\\backend\\vendor\\laravel\\framework\\src\\Illuminate\\Http\\Middleware\\HandleCors.php(62): Illuminate\\Pipeline\\Pipeline->{closure:{closure:Illuminate\\Pipeline\\Pipeline::carry():158}:159}()
#53 C:\\Users\\pasic\\Documents\\Pathfinder_Coding\\Pathfinder-Development\\backend\\vendor\\laravel\\framework\\src\\Illuminate\\Pipeline\\Pipeline.php(183): Illuminate\\Http\\Middleware\\HandleCors->handle()
#54 C:\\Users\\pasic\\Documents\\Pathfinder_Coding\\Pathfinder-Development\\backend\\vendor\\laravel\\framework\\src\\Illuminate\\Http\\Middleware\\TrustProxies.php(39): Illuminate\\Pipeline\\Pipeline->{closure:{closure:Illuminate\\Pipeline\\Pipeline::carry():158}:159}()
#55 C:\\Users\\pasic\\Documents\\Pathfinder_Coding\\Pathfinder-Development\\backend\\vendor\\laravel\\framework\\src\\Illuminate\\Pipeline\\Pipeline.php(183): Illuminate\\Http\\Middleware\\TrustProxies->handle()
#56 C:\\Users\\pasic\\Documents\\Pathfinder_Coding\\Pathfinder-Development\\backend\\vendor\\laravel\\framework\\src\\Illuminate\\Pipeline\\Pipeline.php(119): Illuminate\\Pipeline\\Pipeline->{closure:{closure:Illuminate\\Pipeline\\Pipeline::carry():158}:159}()
#57 C:\\Users\\pasic\\Documents\\Pathfinder_Coding\\Pathfinder-Development\\backend\\vendor\\laravel\\framework\\src\\Illuminate\\Foundation\\Http\\Kernel.php(175): Illuminate\\Pipeline\\Pipeline->then()
#58 C:\\Users\\pasic\\Documents\\Pathfinder_Coding\\Pathfinder-Development\\backend\\vendor\\laravel\\framework\\src\\Illuminate\\Foundation\\Http\\Kernel.php(144): Illuminate\\Foundation\\Http\\Kernel->sendRequestThroughRouter()
#59 C:\\Users\\pasic\\Documents\\Pathfinder_Coding\\Pathfinder-Development\\backend\\public\\index.php(51): Illuminate\\Foundation\\Http\\Kernel->handle()
#60 C:\\Users\\pasic\\Documents\\Pathfinder_Coding\\Pathfinder-Development\\backend\\vendor\\laravel\\framework\\src\\Illuminate\\Foundation\\resources\\server.php(16): require_once('...')
#61 {main}
"} 
[2025-07-22 16:22:58] local.ERROR: could not find driver (Connection: mysql, SQL: select count(*) as aggregate from `Applicant` where `emailAddress` = abc123@gmail.com) {"exception":"[object] (Illuminate\\Database\\QueryException(code: 0): could not find driver (Connection: mysql, SQL: select count(*) as aggregate from `Applicant` where `emailAddress` = abc123@gmail.com) at C:\\Users\\pasic\\Documents\\Pathfinder_Coding\\Pathfinder-Development\\backend\\vendor\\laravel\\framework\\src\\Illuminate\\Database\\Connection.php:829)
[stacktrace]
#0 C:\\Users\\pasic\\Documents\\Pathfinder_Coding\\Pathfinder-Development\\backend\\vendor\\laravel\\framework\\src\\Illuminate\\Database\\Connection.php(783): Illuminate\\Database\\Connection->runQueryCallback()
#1 C:\\Users\\pasic\\Documents\\Pathfinder_Coding\\Pathfinder-Development\\backend\\vendor\\laravel\\framework\\src\\Illuminate\\Database\\Connection.php(414): Illuminate\\Database\\Connection->run()
#2 C:\\Users\\pasic\\Documents\\Pathfinder_Coding\\Pathfinder-Development\\backend\\vendor\\laravel\\framework\\src\\Illuminate\\Database\\Query\\Builder.php(2913): Illuminate\\Database\\Connection->select()
#3 C:\\Users\\pasic\\Documents\\Pathfinder_Coding\\Pathfinder-Development\\backend\\vendor\\laravel\\framework\\src\\Illuminate\\Database\\Query\\Builder.php(2902): Illuminate\\Database\\Query\\Builder->runSelect()
#4 C:\\Users\\pasic\\Documents\\Pathfinder_Coding\\Pathfinder-Development\\backend\\vendor\\laravel\\framework\\src\\Illuminate\\Database\\Query\\Builder.php(3456): Illuminate\\Database\\Query\\Builder->{closure:Illuminate\\Database\\Query\\Builder::get():2901}()
#5 C:\\Users\\pasic\\Documents\\Pathfinder_Coding\\Pathfinder-Development\\backend\\vendor\\laravel\\framework\\src\\Illuminate\\Database\\Query\\Builder.php(2901): Illuminate\\Database\\Query\\Builder->onceWithColumns()
#6 C:\\Users\\pasic\\Documents\\Pathfinder_Coding\\Pathfinder-Development\\backend\\vendor\\laravel\\framework\\src\\Illuminate\\Database\\Query\\Builder.php(3383): Illuminate\\Database\\Query\\Builder->get()
#7 C:\\Users\\pasic\\Documents\\Pathfinder_Coding\\Pathfinder-Development\\backend\\vendor\\laravel\\framework\\src\\Illuminate\\Database\\Query\\Builder.php(3311): Illuminate\\Database\\Query\\Builder->aggregate()
#8 C:\\Users\\pasic\\Documents\\Pathfinder_Coding\\Pathfinder-Development\\backend\\vendor\\laravel\\framework\\src\\Illuminate\\Validation\\DatabasePresenceVerifier.php(54): Illuminate\\Database\\Query\\Builder->count()
#9 C:\\Users\\pasic\\Documents\\Pathfinder_Coding\\Pathfinder-Development\\backend\\vendor\\laravel\\framework\\src\\Illuminate\\Validation\\Concerns\\ValidatesAttributes.php(948): Illuminate\\Validation\\DatabasePresenceVerifier->getCount()
#10 C:\\Users\\pasic\\Documents\\Pathfinder_Coding\\Pathfinder-Development\\backend\\vendor\\laravel\\framework\\src\\Illuminate\\Validation\\Validator.php(660): Illuminate\\Validation\\Validator->validateUnique()
#11 C:\\Users\\pasic\\Documents\\Pathfinder_Coding\\Pathfinder-Development\\backend\\vendor\\laravel\\framework\\src\\Illuminate\\Validation\\Validator.php(459): Illuminate\\Validation\\Validator->validateAttribute()
#12 C:\\Users\\pasic\\Documents\\Pathfinder_Coding\\Pathfinder-Development\\backend\\vendor\\laravel\\framework\\src\\Illuminate\\Validation\\Validator.php(494): Illuminate\\Validation\\Validator->passes()
#13 C:\\Users\\pasic\\Documents\\Pathfinder_Coding\\Pathfinder-Development\\backend\\app\\Http\\Controllers\\ApplicantController.php(24): Illuminate\\Validation\\Validator->fails()
#14 C:\\Users\\pasic\\Documents\\Pathfinder_Coding\\Pathfinder-Development\\backend\\vendor\\laravel\\framework\\src\\Illuminate\\Routing\\Controller.php(54): App\\Http\\Controllers\\ApplicantController->store()
#15 C:\\Users\\pasic\\Documents\\Pathfinder_Coding\\Pathfinder-Development\\backend\\vendor\\laravel\\framework\\src\\Illuminate\\Routing\\ControllerDispatcher.php(43): Illuminate\\Routing\\Controller->callAction()
#16 C:\\Users\\pasic\\Documents\\Pathfinder_Coding\\Pathfinder-Development\\backend\\vendor\\laravel\\framework\\src\\Illuminate\\Routing\\Route.php(259): Illuminate\\Routing\\ControllerDispatcher->dispatch()
#17 C:\\Users\\pasic\\Documents\\Pathfinder_Coding\\Pathfinder-Development\\backend\\vendor\\laravel\\framework\\src\\Illuminate\\Routing\\Route.php(205): Illuminate\\Routing\\Route->runController()
#18 C:\\Users\\pasic\\Documents\\Pathfinder_Coding\\Pathfinder-Development\\backend\\vendor\\laravel\\framework\\src\\Illuminate\\Routing\\Router.php(806): Illuminate\\Routing\\Route->run()
#19 C:\\Users\\pasic\\Documents\\Pathfinder_Coding\\Pathfinder-Development\\backend\\vendor\\laravel\\framework\\src\\Illuminate\\Pipeline\\Pipeline.php(144): Illuminate\\Routing\\Router->{closure:Illuminate\\Routing\\Router::runRouteWithinStack():805}()
#20 C:\\Users\\pasic\\Documents\\Pathfinder_Coding\\Pathfinder-Development\\backend\\vendor\\laravel\\framework\\src\\Illuminate\\Routing\\Middleware\\SubstituteBindings.php(50): Illuminate\\Pipeline\\Pipeline->{closure:Illuminate\\Pipeline\\Pipeline::prepareDestination():142}()
#21 C:\\Users\\pasic\\Documents\\Pathfinder_Coding\\Pathfinder-Development\\backend\\vendor\\laravel\\framework\\src\\Illuminate\\Pipeline\\Pipeline.php(183): Illuminate\\Routing\\Middleware\\SubstituteBindings->handle()
#22 C:\\Users\\pasic\\Documents\\Pathfinder_Coding\\Pathfinder-Development\\backend\\vendor\\laravel\\framework\\src\\Illuminate\\Routing\\Middleware\\ThrottleRequests.php(159): Illuminate\\Pipeline\\Pipeline->{closure:{closure:Illuminate\\Pipeline\\Pipeline::carry():158}:159}()
#23 C:\\Users\\pasic\\Documents\\Pathfinder_Coding\\Pathfinder-Development\\backend\\vendor\\laravel\\framework\\src\\Illuminate\\Routing\\Middleware\\ThrottleRequests.php(125): Illuminate\\Routing\\Middleware\\ThrottleRequests->handleRequest()
#24 C:\\Users\\pasic\\Documents\\Pathfinder_Coding\\Pathfinder-Development\\backend\\vendor\\laravel\\framework\\src\\Illuminate\\Routing\\Middleware\\ThrottleRequests.php(87): Illuminate\\Routing\\Middleware\\ThrottleRequests->handleRequestUsingNamedLimiter()
#25 C:\\Users\\pasic\\Documents\\Pathfinder_Coding\\Pathfinder-Development\\backend\\vendor\\laravel\\framework\\src\\Illuminate\\Pipeline\\Pipeline.php(183): Illuminate\\Routing\\Middleware\\ThrottleRequests->handle()
#26 C:\\Users\\pasic\\Documents\\Pathfinder_Coding\\Pathfinder-Development\\backend\\vendor\\laravel\\framework\\src\\Illuminate\\Pipeline\\Pipeline.php(119): Illuminate\\Pipeline\\Pipeline->{closure:{closure:Illuminate\\Pipeline\\Pipeline::carry():158}:159}()
#27 C:\\Users\\pasic\\Documents\\Pathfinder_Coding\\Pathfinder-Development\\backend\\vendor\\laravel\\framework\\src\\Illuminate\\Routing\\Router.php(805): Illuminate\\Pipeline\\Pipeline->then()
#28 C:\\Users\\pasic\\Documents\\Pathfinder_Coding\\Pathfinder-Development\\backend\\vendor\\laravel\\framework\\src\\Illuminate\\Routing\\Router.php(784): Illuminate\\Routing\\Router->runRouteWithinStack()
#29 C:\\Users\\pasic\\Documents\\Pathfinder_Coding\\Pathfinder-Development\\backend\\vendor\\laravel\\framework\\src\\Illuminate\\Routing\\Router.php(748): Illuminate\\Routing\\Router->runRoute()
#30 C:\\Users\\pasic\\Documents\\Pathfinder_Coding\\Pathfinder-Development\\backend\\vendor\\laravel\\framework\\src\\Illuminate\\Routing\\Router.php(737): Illuminate\\Routing\\Router->dispatchToRoute()
#31 C:\\Users\\pasic\\Documents\\Pathfinder_Coding\\Pathfinder-Development\\backend\\vendor\\laravel\\framework\\src\\Illuminate\\Foundation\\Http\\Kernel.php(200): Illuminate\\Routing\\Router->dispatch()
#32 C:\\Users\\pasic\\Documents\\Pathfinder_Coding\\Pathfinder-Development\\backend\\vendor\\laravel\\framework\\src\\Illuminate\\Pipeline\\Pipeline.php(144): Illuminate\\Foundation\\Http\\Kernel->{closure:Illuminate\\Foundation\\Http\\Kernel::dispatchToRouter():197}()
#33 C:\\Users\\pasic\\Documents\\Pathfinder_Coding\\Pathfinder-Development\\backend\\vendor\\laravel\\framework\\src\\Illuminate\\Foundation\\Http\\Middleware\\TransformsRequest.php(21): Illuminate\\Pipeline\\Pipeline->{closure:Illuminate\\Pipeline\\Pipeline::prepareDestination():142}()
#34 C:\\Users\\pasic\\Documents\\Pathfinder_Coding\\Pathfinder-Development\\backend\\vendor\\laravel\\framework\\src\\Illuminate\\Foundation\\Http\\Middleware\\ConvertEmptyStringsToNull.php(31): Illuminate\\Foundation\\Http\\Middleware\\TransformsRequest->handle()
#35 C:\\Users\\pasic\\Documents\\Pathfinder_Coding\\Pathfinder-Development\\backend\\vendor\\laravel\\framework\\src\\Illuminate\\Pipeline\\Pipeline.php(183): Illuminate\\Foundation\\Http\\Middleware\\ConvertEmptyStringsToNull->handle()
#36 C:\\Users\\pasic\\Documents\\Pathfinder_Coding\\Pathfinder-Development\\backend\\vendor\\laravel\\framework\\src\\Illuminate\\Foundation\\Http\\Middleware\\TransformsRequest.php(21): Illuminate\\Pipeline\\Pipeline->{closure:{closure:Illuminate\\Pipeline\\Pipeline::carry():158}:159}()
#37 C:\\Users\\pasic\\Documents\\Pathfinder_Coding\\Pathfinder-Development\\backend\\vendor\\laravel\\framework\\src\\Illuminate\\Foundation\\Http\\Middleware\\TrimStrings.php(40): Illuminate\\Foundation\\Http\\Middleware\\TransformsRequest->handle()
#38 C:\\Users\\pasic\\Documents\\Pathfinder_Coding\\Pathfinder-Development\\backend\\vendor\\laravel\\framework\\src\\Illuminate\\Pipeline\\Pipeline.php(183): Illuminate\\Foundation\\Http\\Middleware\\TrimStrings->handle()
#39 C:\\Users\\pasic\\Documents\\Pathfinder_Coding\\Pathfinder-Development\\backend\\vendor\\laravel\\framework\\src\\Illuminate\\Foundation\\Http\\Middleware\\ValidatePostSize.php(27): Illuminate\\Pipeline\\Pipeline->{closure:{closure:Illuminate\\Pipeline\\Pipeline::carry():158}:159}()
#40 C:\\Users\\pasic\\Documents\\Pathfinder_Coding\\Pathfinder-Development\\backend\\vendor\\laravel\\framework\\src\\Illuminate\\Pipeline\\Pipeline.php(183): Illuminate\\Foundation\\Http\\Middleware\\ValidatePostSize->handle()
#41 C:\\Users\\pasic\\Documents\\Pathfinder_Coding\\Pathfinder-Development\\backend\\vendor\\laravel\\framework\\src\\Illuminate\\Foundation\\Http\\Middleware\\PreventRequestsDuringMaintenance.php(99): Illuminate\\Pipeline\\Pipeline->{closure:{closure:Illuminate\\Pipeline\\Pipeline::carry():158}:159}()
#42 C:\\Users\\pasic\\Documents\\Pathfinder_Coding\\Pathfinder-Development\\backend\\vendor\\laravel\\framework\\src\\Illuminate\\Pipeline\\Pipeline.php(183): Illuminate\\Foundation\\Http\\Middleware\\PreventRequestsDuringMaintenance->handle()
#43 C:\\Users\\pasic\\Documents\\Pathfinder_Coding\\Pathfinder-Development\\backend\\vendor\\laravel\\framework\\src\\Illuminate\\Http\\Middleware\\HandleCors.php(62): Illuminate\\Pipeline\\Pipeline->{closure:{closure:Illuminate\\Pipeline\\Pipeline::carry():158}:159}()
#44 C:\\Users\\pasic\\Documents\\Pathfinder_Coding\\Pathfinder-Development\\backend\\vendor\\laravel\\framework\\src\\Illuminate\\Pipeline\\Pipeline.php(183): Illuminate\\Http\\Middleware\\HandleCors->handle()
#45 C:\\Users\\pasic\\Documents\\Pathfinder_Coding\\Pathfinder-Development\\backend\\vendor\\laravel\\framework\\src\\Illuminate\\Http\\Middleware\\TrustProxies.php(39): Illuminate\\Pipeline\\Pipeline->{closure:{closure:Illuminate\\Pipeline\\Pipeline::carry():158}:159}()
#46 C:\\Users\\pasic\\Documents\\Pathfinder_Coding\\Pathfinder-Development\\backend\\vendor\\laravel\\framework\\src\\Illuminate\\Pipeline\\Pipeline.php(183): Illuminate\\Http\\Middleware\\TrustProxies->handle()
#47 C:\\Users\\pasic\\Documents\\Pathfinder_Coding\\Pathfinder-Development\\backend\\vendor\\laravel\\framework\\src\\Illuminate\\Pipeline\\Pipeline.php(119): Illuminate\\Pipeline\\Pipeline->{closure:{closure:Illuminate\\Pipeline\\Pipeline::carry():158}:159}()
#48 C:\\Users\\pasic\\Documents\\Pathfinder_Coding\\Pathfinder-Development\\backend\\vendor\\laravel\\framework\\src\\Illuminate\\Foundation\\Http\\Kernel.php(175): Illuminate\\Pipeline\\Pipeline->then()
#49 C:\\Users\\pasic\\Documents\\Pathfinder_Coding\\Pathfinder-Development\\backend\\vendor\\laravel\\framework\\src\\Illuminate\\Foundation\\Http\\Kernel.php(144): Illuminate\\Foundation\\Http\\Kernel->sendRequestThroughRouter()
#50 C:\\Users\\pasic\\Documents\\Pathfinder_Coding\\Pathfinder-Development\\backend\\public\\index.php(51): Illuminate\\Foundation\\Http\\Kernel->handle()
#51 C:\\Users\\pasic\\Documents\\Pathfinder_Coding\\Pathfinder-Development\\backend\\vendor\\laravel\\framework\\src\\Illuminate\\Foundation\\resources\\server.php(16): require_once('...')
#52 {main}

[previous exception] [object] (PDOException(code: 0): could not find driver at C:\\Users\\pasic\\Documents\\Pathfinder_Coding\\Pathfinder-Development\\backend\\vendor\\laravel\\framework\\src\\Illuminate\\Database\\Connectors\\Connector.php:65)
[stacktrace]
#0 C:\\Users\\pasic\\Documents\\Pathfinder_Coding\\Pathfinder-Development\\backend\\vendor\\laravel\\framework\\src\\Illuminate\\Database\\Connectors\\Connector.php(65): PDO->__construct()
#1 C:\\Users\\pasic\\Documents\\Pathfinder_Coding\\Pathfinder-Development\\backend\\vendor\\laravel\\framework\\src\\Illuminate\\Database\\Connectors\\Connector.php(44): Illuminate\\Database\\Connectors\\Connector->createPdoConnection()
#2 C:\\Users\\pasic\\Documents\\Pathfinder_Coding\\Pathfinder-Development\\backend\\vendor\\laravel\\framework\\src\\Illuminate\\Database\\Connectors\\MySqlConnector.php(24): Illuminate\\Database\\Connectors\\Connector->createConnection()
#3 C:\\Users\\pasic\\Documents\\Pathfinder_Coding\\Pathfinder-Development\\backend\\vendor\\laravel\\framework\\src\\Illuminate\\Database\\Connectors\\ConnectionFactory.php(184): Illuminate\\Database\\Connectors\\MySqlConnector->connect()
#4 [internal function]: Illuminate\\Database\\Connectors\\ConnectionFactory->{closure:Illuminate\\Database\\Connectors\\ConnectionFactory::createPdoResolverWithHosts():179}()
#5 C:\\Users\\pasic\\Documents\\Pathfinder_Coding\\Pathfinder-Development\\backend\\vendor\\laravel\\framework\\src\\Illuminate\\Database\\Connection.php(1339): call_user_func()
#6 C:\\Users\\pasic\\Documents\\Pathfinder_Coding\\Pathfinder-Development\\backend\\vendor\\laravel\\framework\\src\\Illuminate\\Database\\Connection.php(528): Illuminate\\Database\\Connection->getPdo()
#7 C:\\Users\\pasic\\Documents\\Pathfinder_Coding\\Pathfinder-Development\\backend\\vendor\\laravel\\framework\\src\\Illuminate\\Database\\Connection.php(423): Illuminate\\Database\\Connection->getPdoForSelect()
#8 C:\\Users\\pasic\\Documents\\Pathfinder_Coding\\Pathfinder-Development\\backend\\vendor\\laravel\\framework\\src\\Illuminate\\Database\\Connection.php(816): Illuminate\\Database\\Connection->{closure:Illuminate\\Database\\Connection::select():414}()
#9 C:\\Users\\pasic\\Documents\\Pathfinder_Coding\\Pathfinder-Development\\backend\\vendor\\laravel\\framework\\src\\Illuminate\\Database\\Connection.php(783): Illuminate\\Database\\Connection->runQueryCallback()
#10 C:\\Users\\pasic\\Documents\\Pathfinder_Coding\\Pathfinder-Development\\backend\\vendor\\laravel\\framework\\src\\Illuminate\\Database\\Connection.php(414): Illuminate\\Database\\Connection->run()
#11 C:\\Users\\pasic\\Documents\\Pathfinder_Coding\\Pathfinder-Development\\backend\\vendor\\laravel\\framework\\src\\Illuminate\\Database\\Query\\Builder.php(2913): Illuminate\\Database\\Connection->select()
#12 C:\\Users\\pasic\\Documents\\Pathfinder_Coding\\Pathfinder-Development\\backend\\vendor\\laravel\\framework\\src\\Illuminate\\Database\\Query\\Builder.php(2902): Illuminate\\Database\\Query\\Builder->runSelect()
#13 C:\\Users\\pasic\\Documents\\Pathfinder_Coding\\Pathfinder-Development\\backend\\vendor\\laravel\\framework\\src\\Illuminate\\Database\\Query\\Builder.php(3456): Illuminate\\Database\\Query\\Builder->{closure:Illuminate\\Database\\Query\\Builder::get():2901}()
#14 C:\\Users\\pasic\\Documents\\Pathfinder_Coding\\Pathfinder-Development\\backend\\vendor\\laravel\\framework\\src\\Illuminate\\Database\\Query\\Builder.php(2901): Illuminate\\Database\\Query\\Builder->onceWithColumns()
#15 C:\\Users\\pasic\\Documents\\Pathfinder_Coding\\Pathfinder-Development\\backend\\vendor\\laravel\\framework\\src\\Illuminate\\Database\\Query\\Builder.php(3383): Illuminate\\Database\\Query\\Builder->get()
#16 C:\\Users\\pasic\\Documents\\Pathfinder_Coding\\Pathfinder-Development\\backend\\vendor\\laravel\\framework\\src\\Illuminate\\Database\\Query\\Builder.php(3311): Illuminate\\Database\\Query\\Builder->aggregate()
#17 C:\\Users\\pasic\\Documents\\Pathfinder_Coding\\Pathfinder-Development\\backend\\vendor\\laravel\\framework\\src\\Illuminate\\Validation\\DatabasePresenceVerifier.php(54): Illuminate\\Database\\Query\\Builder->count()
#18 C:\\Users\\pasic\\Documents\\Pathfinder_Coding\\Pathfinder-Development\\backend\\vendor\\laravel\\framework\\src\\Illuminate\\Validation\\Concerns\\ValidatesAttributes.php(948): Illuminate\\Validation\\DatabasePresenceVerifier->getCount()
#19 C:\\Users\\pasic\\Documents\\Pathfinder_Coding\\Pathfinder-Development\\backend\\vendor\\laravel\\framework\\src\\Illuminate\\Validation\\Validator.php(660): Illuminate\\Validation\\Validator->validateUnique()
#20 C:\\Users\\pasic\\Documents\\Pathfinder_Coding\\Pathfinder-Development\\backend\\vendor\\laravel\\framework\\src\\Illuminate\\Validation\\Validator.php(459): Illuminate\\Validation\\Validator->validateAttribute()
#21 C:\\Users\\pasic\\Documents\\Pathfinder_Coding\\Pathfinder-Development\\backend\\vendor\\laravel\\framework\\src\\Illuminate\\Validation\\Validator.php(494): Illuminate\\Validation\\Validator->passes()
#22 C:\\Users\\pasic\\Documents\\Pathfinder_Coding\\Pathfinder-Development\\backend\\app\\Http\\Controllers\\ApplicantController.php(24): Illuminate\\Validation\\Validator->fails()
#23 C:\\Users\\pasic\\Documents\\Pathfinder_Coding\\Pathfinder-Development\\backend\\vendor\\laravel\\framework\\src\\Illuminate\\Routing\\Controller.php(54): App\\Http\\Controllers\\ApplicantController->store()
#24 C:\\Users\\pasic\\Documents\\Pathfinder_Coding\\Pathfinder-Development\\backend\\vendor\\laravel\\framework\\src\\Illuminate\\Routing\\ControllerDispatcher.php(43): Illuminate\\Routing\\Controller->callAction()
#25 C:\\Users\\pasic\\Documents\\Pathfinder_Coding\\Pathfinder-Development\\backend\\vendor\\laravel\\framework\\src\\Illuminate\\Routing\\Route.php(259): Illuminate\\Routing\\ControllerDispatcher->dispatch()
#26 C:\\Users\\pasic\\Documents\\Pathfinder_Coding\\Pathfinder-Development\\backend\\vendor\\laravel\\framework\\src\\Illuminate\\Routing\\Route.php(205): Illuminate\\Routing\\Route->runController()
#27 C:\\Users\\pasic\\Documents\\Pathfinder_Coding\\Pathfinder-Development\\backend\\vendor\\laravel\\framework\\src\\Illuminate\\Routing\\Router.php(806): Illuminate\\Routing\\Route->run()
#28 C:\\Users\\pasic\\Documents\\Pathfinder_Coding\\Pathfinder-Development\\backend\\vendor\\laravel\\framework\\src\\Illuminate\\Pipeline\\Pipeline.php(144): Illuminate\\Routing\\Router->{closure:Illuminate\\Routing\\Router::runRouteWithinStack():805}()
#29 C:\\Users\\pasic\\Documents\\Pathfinder_Coding\\Pathfinder-Development\\backend\\vendor\\laravel\\framework\\src\\Illuminate\\Routing\\Middleware\\SubstituteBindings.php(50): Illuminate\\Pipeline\\Pipeline->{closure:Illuminate\\Pipeline\\Pipeline::prepareDestination():142}()
#30 C:\\Users\\pasic\\Documents\\Pathfinder_Coding\\Pathfinder-Development\\backend\\vendor\\laravel\\framework\\src\\Illuminate\\Pipeline\\Pipeline.php(183): Illuminate\\Routing\\Middleware\\SubstituteBindings->handle()
#31 C:\\Users\\pasic\\Documents\\Pathfinder_Coding\\Pathfinder-Development\\backend\\vendor\\laravel\\framework\\src\\Illuminate\\Routing\\Middleware\\ThrottleRequests.php(159): Illuminate\\Pipeline\\Pipeline->{closure:{closure:Illuminate\\Pipeline\\Pipeline::carry():158}:159}()
#32 C:\\Users\\pasic\\Documents\\Pathfinder_Coding\\Pathfinder-Development\\backend\\vendor\\laravel\\framework\\src\\Illuminate\\Routing\\Middleware\\ThrottleRequests.php(125): Illuminate\\Routing\\Middleware\\ThrottleRequests->handleRequest()
#33 C:\\Users\\pasic\\Documents\\Pathfinder_Coding\\Pathfinder-Development\\backend\\vendor\\laravel\\framework\\src\\Illuminate\\Routing\\Middleware\\ThrottleRequests.php(87): Illuminate\\Routing\\Middleware\\ThrottleRequests->handleRequestUsingNamedLimiter()
#34 C:\\Users\\pasic\\Documents\\Pathfinder_Coding\\Pathfinder-Development\\backend\\vendor\\laravel\\framework\\src\\Illuminate\\Pipeline\\Pipeline.php(183): Illuminate\\Routing\\Middleware\\ThrottleRequests->handle()
#35 C:\\Users\\pasic\\Documents\\Pathfinder_Coding\\Pathfinder-Development\\backend\\vendor\\laravel\\framework\\src\\Illuminate\\Pipeline\\Pipeline.php(119): Illuminate\\Pipeline\\Pipeline->{closure:{closure:Illuminate\\Pipeline\\Pipeline::carry():158}:159}()
#36 C:\\Users\\pasic\\Documents\\Pathfinder_Coding\\Pathfinder-Development\\backend\\vendor\\laravel\\framework\\src\\Illuminate\\Routing\\Router.php(805): Illuminate\\Pipeline\\Pipeline->then()
#37 C:\\Users\\pasic\\Documents\\Pathfinder_Coding\\Pathfinder-Development\\backend\\vendor\\laravel\\framework\\src\\Illuminate\\Routing\\Router.php(784): Illuminate\\Routing\\Router->runRouteWithinStack()
#38 C:\\Users\\pasic\\Documents\\Pathfinder_Coding\\Pathfinder-Development\\backend\\vendor\\laravel\\framework\\src\\Illuminate\\Routing\\Router.php(748): Illuminate\\Routing\\Router->runRoute()
#39 C:\\Users\\pasic\\Documents\\Pathfinder_Coding\\Pathfinder-Development\\backend\\vendor\\laravel\\framework\\src\\Illuminate\\Routing\\Router.php(737): Illuminate\\Routing\\Router->dispatchToRoute()
#40 C:\\Users\\pasic\\Documents\\Pathfinder_Coding\\Pathfinder-Development\\backend\\vendor\\laravel\\framework\\src\\Illuminate\\Foundation\\Http\\Kernel.php(200): Illuminate\\Routing\\Router->dispatch()
#41 C:\\Users\\pasic\\Documents\\Pathfinder_Coding\\Pathfinder-Development\\backend\\vendor\\laravel\\framework\\src\\Illuminate\\Pipeline\\Pipeline.php(144): Illuminate\\Foundation\\Http\\Kernel->{closure:Illuminate\\Foundation\\Http\\Kernel::dispatchToRouter():197}()
#42 C:\\Users\\pasic\\Documents\\Pathfinder_Coding\\Pathfinder-Development\\backend\\vendor\\laravel\\framework\\src\\Illuminate\\Foundation\\Http\\Middleware\\TransformsRequest.php(21): Illuminate\\Pipeline\\Pipeline->{closure:Illuminate\\Pipeline\\Pipeline::prepareDestination():142}()
#43 C:\\Users\\pasic\\Documents\\Pathfinder_Coding\\Pathfinder-Development\\backend\\vendor\\laravel\\framework\\src\\Illuminate\\Foundation\\Http\\Middleware\\ConvertEmptyStringsToNull.php(31): Illuminate\\Foundation\\Http\\Middleware\\TransformsRequest->handle()
#44 C:\\Users\\pasic\\Documents\\Pathfinder_Coding\\Pathfinder-Development\\backend\\vendor\\laravel\\framework\\src\\Illuminate\\Pipeline\\Pipeline.php(183): Illuminate\\Foundation\\Http\\Middleware\\ConvertEmptyStringsToNull->handle()
#45 C:\\Users\\pasic\\Documents\\Pathfinder_Coding\\Pathfinder-Development\\backend\\vendor\\laravel\\framework\\src\\Illuminate\\Foundation\\Http\\Middleware\\TransformsRequest.php(21): Illuminate\\Pipeline\\Pipeline->{closure:{closure:Illuminate\\Pipeline\\Pipeline::carry():158}:159}()
#46 C:\\Users\\pasic\\Documents\\Pathfinder_Coding\\Pathfinder-Development\\backend\\vendor\\laravel\\framework\\src\\Illuminate\\Foundation\\Http\\Middleware\\TrimStrings.php(40): Illuminate\\Foundation\\Http\\Middleware\\TransformsRequest->handle()
#47 C:\\Users\\pasic\\Documents\\Pathfinder_Coding\\Pathfinder-Development\\backend\\vendor\\laravel\\framework\\src\\Illuminate\\Pipeline\\Pipeline.php(183): Illuminate\\Foundation\\Http\\Middleware\\TrimStrings->handle()
#48 C:\\Users\\pasic\\Documents\\Pathfinder_Coding\\Pathfinder-Development\\backend\\vendor\\laravel\\framework\\src\\Illuminate\\Foundation\\Http\\Middleware\\ValidatePostSize.php(27): Illuminate\\Pipeline\\Pipeline->{closure:{closure:Illuminate\\Pipeline\\Pipeline::carry():158}:159}()
#49 C:\\Users\\pasic\\Documents\\Pathfinder_Coding\\Pathfinder-Development\\backend\\vendor\\laravel\\framework\\src\\Illuminate\\Pipeline\\Pipeline.php(183): Illuminate\\Foundation\\Http\\Middleware\\ValidatePostSize->handle()
#50 C:\\Users\\pasic\\Documents\\Pathfinder_Coding\\Pathfinder-Development\\backend\\vendor\\laravel\\framework\\src\\Illuminate\\Foundation\\Http\\Middleware\\PreventRequestsDuringMaintenance.php(99): Illuminate\\Pipeline\\Pipeline->{closure:{closure:Illuminate\\Pipeline\\Pipeline::carry():158}:159}()
#51 C:\\Users\\pasic\\Documents\\Pathfinder_Coding\\Pathfinder-Development\\backend\\vendor\\laravel\\framework\\src\\Illuminate\\Pipeline\\Pipeline.php(183): Illuminate\\Foundation\\Http\\Middleware\\PreventRequestsDuringMaintenance->handle()
#52 C:\\Users\\pasic\\Documents\\Pathfinder_Coding\\Pathfinder-Development\\backend\\vendor\\laravel\\framework\\src\\Illuminate\\Http\\Middleware\\HandleCors.php(62): Illuminate\\Pipeline\\Pipeline->{closure:{closure:Illuminate\\Pipeline\\Pipeline::carry():158}:159}()
#53 C:\\Users\\pasic\\Documents\\Pathfinder_Coding\\Pathfinder-Development\\backend\\vendor\\laravel\\framework\\src\\Illuminate\\Pipeline\\Pipeline.php(183): Illuminate\\Http\\Middleware\\HandleCors->handle()
#54 C:\\Users\\pasic\\Documents\\Pathfinder_Coding\\Pathfinder-Development\\backend\\vendor\\laravel\\framework\\src\\Illuminate\\Http\\Middleware\\TrustProxies.php(39): Illuminate\\Pipeline\\Pipeline->{closure:{closure:Illuminate\\Pipeline\\Pipeline::carry():158}:159}()
#55 C:\\Users\\pasic\\Documents\\Pathfinder_Coding\\Pathfinder-Development\\backend\\vendor\\laravel\\framework\\src\\Illuminate\\Pipeline\\Pipeline.php(183): Illuminate\\Http\\Middleware\\TrustProxies->handle()
#56 C:\\Users\\pasic\\Documents\\Pathfinder_Coding\\Pathfinder-Development\\backend\\vendor\\laravel\\framework\\src\\Illuminate\\Pipeline\\Pipeline.php(119): Illuminate\\Pipeline\\Pipeline->{closure:{closure:Illuminate\\Pipeline\\Pipeline::carry():158}:159}()
#57 C:\\Users\\pasic\\Documents\\Pathfinder_Coding\\Pathfinder-Development\\backend\\vendor\\laravel\\framework\\src\\Illuminate\\Foundation\\Http\\Kernel.php(175): Illuminate\\Pipeline\\Pipeline->then()
#58 C:\\Users\\pasic\\Documents\\Pathfinder_Coding\\Pathfinder-Development\\backend\\vendor\\laravel\\framework\\src\\Illuminate\\Foundation\\Http\\Kernel.php(144): Illuminate\\Foundation\\Http\\Kernel->sendRequestThroughRouter()
#59 C:\\Users\\pasic\\Documents\\Pathfinder_Coding\\Pathfinder-Development\\backend\\public\\index.php(51): Illuminate\\Foundation\\Http\\Kernel->handle()
#60 C:\\Users\\pasic\\Documents\\Pathfinder_Coding\\Pathfinder-Development\\backend\\vendor\\laravel\\framework\\src\\Illuminate\\Foundation\\resources\\server.php(16): require_once('...')
#61 {main}
"} 
